team_id_a,team_id_b,team_a_win,team_b_win,total_matches,dominance,point_diff_avg_a,point_diff_avg_b,home_points_avg,away_points_avg
ARI,ARI,,,,,-0.4,-6.1,79.7,70.5
ARI,BAS,0.0,1.0,1.0,0.0,,,,
ARI,CIB,1.0,0.0,1.0,1.0,,,,
ARI,IST,1.0,0.0,1.0,1.0,,,,
ARI,LEM,1.0,0.0,1.0,1.0,,,,
ARI,LIE,1.0,1.0,2.0,0.0,,,,
ARI,MAL,1.0,0.0,1.0,1.0,,,,
ARI,MIL,0.0,1.0,1.0,0.0,,,,
ARI,TEL,0.0,1.0,1.0,0.0,,,,
ARI,ULK,0.0,1.0,1.0,0.0,,,,
ASV,ASV,,,,,-3.1954022988505746,-9.68235294117647,77.59770114942529,72.4
ASV,BAR,2.0,3.0,5.0,0.0,,,,
ASV,BAS,3.0,2.0,5.0,1.0,,,,
ASV,BER,1.0,4.0,5.0,0.0,,,,
ASV,CIB,1.0,0.0,1.0,1.0,,,,
ASV,CSK,2.0,1.0,3.0,1.0,,,,
ASV,DYR,0.0,2.0,2.0,0.0,,,,
ASV,IST,2.0,3.0,5.0,0.0,,,,
ASV,KHI,2.0,0.0,2.0,1.0,,,,
ASV,MAD,0.0,5.0,5.0,0.0,,,,
ASV,MCO,0.0,3.0,3.0,0.0,,,,
ASV,MIL,3.0,2.0,5.0,1.0,,,,
ASV,MUN,2.0,3.0,5.0,0.0,,,,
ASV,OLY,2.0,3.0,5.0,0.0,,,,
ASV,PAM,2.0,2.0,4.0,0.0,,,,
ASV,PAN,2.0,3.0,5.0,0.0,,,,
ASV,PAR,1.0,1.0,2.0,0.0,,,,
ASV,RED,2.0,3.0,5.0,0.0,,,,
ASV,SIE,0.0,1.0,1.0,0.0,,,,
ASV,TEL,1.0,3.0,4.0,0.0,,,,
ASV,ULK,2.0,4.0,6.0,0.0,,,,
ASV,UNK,1.0,0.0,1.0,1.0,,,,
ASV,VIR,0.0,2.0,2.0,0.0,,,,
ASV,ZAL,3.0,3.0,6.0,0.0,,,,
AVE,AVE,,,,,-3.4,-8.6,74.0,76.8
AVE,CIB,1.0,0.0,1.0,1.0,,,,
AVE,LEM,1.0,0.0,1.0,1.0,,,,
AVE,MAL,1.0,0.0,1.0,1.0,,,,
AVE,OLY,0.0,1.0,1.0,0.0,,,,
AVE,TEL,0.0,1.0,1.0,0.0,,,,
BAM,BAM,,,,,0.2894736842105263,-8.223684210526315,78.48684210526316,72.10526315789474
BAM,BAR,3.0,2.0,5.0,1.0,,,,
BAM,BAS,2.0,1.0,3.0,1.0,,,,
BAM,BER,0.0,1.0,1.0,0.0,,,,
BAM,BES,0.0,1.0,1.0,0.0,,,,
BAM,CHA,1.0,0.0,1.0,1.0,,,,
BAM,CSK,1.0,6.0,7.0,0.0,,,,
BAM,DAR,1.0,1.0,2.0,0.0,,,,
BAM,GAL,0.0,1.0,1.0,0.0,,,,
BAM,IST,3.0,1.0,4.0,1.0,,,,
BAM,KHI,1.0,1.0,2.0,0.0,,,,
BAM,LIE,1.0,0.0,1.0,1.0,,,,
BAM,MAD,1.0,6.0,7.0,0.0,,,,
BAM,MAL,2.0,3.0,5.0,0.0,,,,
BAM,MIL,1.0,2.0,3.0,0.0,,,,
BAM,OLY,4.0,0.0,4.0,1.0,,,,
BAM,PAM,1.0,0.0,1.0,1.0,,,,
BAM,PAN,2.0,3.0,5.0,0.0,,,,
BAM,PAR,2.0,0.0,2.0,1.0,,,,
BAM,RED,1.0,1.0,2.0,0.0,,,,
BAM,ROA,0.0,1.0,1.0,0.0,,,,
BAM,ROM,0.0,2.0,2.0,0.0,,,,
BAM,SAS,1.0,0.0,1.0,1.0,,,,
BAM,STR,1.0,0.0,1.0,1.0,,,,
BAM,TEL,2.0,1.0,3.0,1.0,,,,
BAM,ULK,1.0,2.0,3.0,0.0,,,,
BAM,UNK,1.0,0.0,1.0,1.0,,,,
BAM,ZAG,1.0,0.0,1.0,1.0,,,,
BAM,ZAL,2.0,4.0,6.0,0.0,,,,
BAR,ASV,4.0,2.0,6.0,1.0,,,,
BAR,BAM,5.0,0.0,5.0,1.0,,,,
BAR,BAR,,,,,8.494208494208495,2.3911290322580645,80.95366795366796,77.38709677419355
BAR,BAS,8.0,5.0,13.0,1.0,,,,
BAR,BER,7.0,0.0,7.0,1.0,,,,
BAR,BES,2.0,0.0,2.0,1.0,,,,
BAR,BUD,1.0,0.0,1.0,1.0,,,,
BAR,CAN,1.0,0.0,1.0,1.0,,,,
BAR,CHO,1.0,0.0,1.0,1.0,,,,
BAR,CIB,2.0,0.0,2.0,1.0,,,,
BAR,CSK,8.0,5.0,13.0,1.0,,,,
BAR,CTU,1.0,0.0,1.0,1.0,,,,
BAR,DAR,2.0,0.0,2.0,1.0,,,,
BAR,DYR,5.0,1.0,6.0,1.0,,,,
BAR,GAL,4.0,1.0,5.0,1.0,,,,
BAR,GSS,1.0,0.0,1.0,1.0,,,,
BAR,IST,6.0,6.0,12.0,0.0,,,,
BAR,KHI,5.0,0.0,5.0,1.0,,,,
BAR,KSK,1.0,0.0,1.0,1.0,,,,
BAR,LIE,2.0,0.0,2.0,1.0,,,,
BAR,LJU,2.0,0.0,2.0,1.0,,,,
BAR,MAD,10.0,7.0,17.0,1.0,,,,
BAR,MAL,2.0,1.0,3.0,1.0,,,,
BAR,MAR,1.0,0.0,1.0,1.0,,,,
BAR,MCO,2.0,1.0,3.0,1.0,,,,
BAR,MIL,8.0,3.0,11.0,1.0,,,,
BAR,MUN,8.0,2.0,10.0,1.0,,,,
BAR,NAN,1.0,0.0,1.0,1.0,,,,
BAR,NIK,1.0,0.0,1.0,1.0,,,,
BAR,NTR,0.0,1.0,1.0,0.0,,,,
BAR,OLY,11.0,7.0,18.0,1.0,,,,
BAR,PAM,5.0,0.0,5.0,1.0,,,,
BAR,PAN,17.0,3.0,20.0,1.0,,,,
BAR,PAR,6.0,0.0,6.0,1.0,,,,
BAR,RED,8.0,0.0,8.0,1.0,,,,
BAR,ROA,1.0,0.0,1.0,1.0,,,,
BAR,ROM,2.0,1.0,3.0,1.0,,,,
BAR,SIE,5.0,0.0,5.0,1.0,,,,
BAR,SOP,2.0,0.0,2.0,1.0,,,,
BAR,TEL,12.0,2.0,14.0,1.0,,,,
BAR,TIV,2.0,1.0,3.0,1.0,,,,
BAR,ULK,10.0,5.0,15.0,1.0,,,,
BAR,UNK,5.0,0.0,5.0,1.0,,,,
BAR,VIR,1.0,1.0,2.0,0.0,,,,
BAR,ZAL,13.0,2.0,15.0,1.0,,,,
BAR,ZGO,1.0,0.0,1.0,1.0,,,,
BAS,ARI,1.0,0.0,1.0,1.0,,,,
BAS,ASV,4.0,1.0,5.0,1.0,,,,
BAS,BAM,3.0,0.0,3.0,1.0,,,,
BAS,BAR,7.0,6.0,13.0,1.0,,,,
BAS,BAS,,,,,5.683760683760684,-3.370212765957447,82.54700854700855,78.93617021276596
BAS,BER,5.0,1.0,6.0,1.0,,,,
BAS,BES,1.0,0.0,1.0,1.0,,,,
BAS,BIL,0.0,1.0,1.0,0.0,,,,
BAS,BUD,1.0,0.0,1.0,1.0,,,,
BAS,CAN,1.0,0.0,1.0,1.0,,,,
BAS,CED,2.0,0.0,2.0,1.0,,,,
BAS,CIB,1.0,0.0,1.0,1.0,,,,
BAS,CSK,7.0,11.0,18.0,0.0,,,,
BAS,CTU,1.0,0.0,1.0,1.0,,,,
BAS,DAR,2.0,0.0,2.0,1.0,,,,
BAS,DYR,1.0,2.0,3.0,0.0,,,,
BAS,GAL,2.0,0.0,2.0,1.0,,,,
BAS,IST,4.0,8.0,12.0,0.0,,,,
BAS,JOV,1.0,0.0,1.0,1.0,,,,
BAS,KHI,6.0,2.0,8.0,1.0,,,,
BAS,KLA,1.0,0.0,1.0,1.0,,,,
BAS,LIE,2.0,1.0,3.0,1.0,,,,
BAS,LJU,3.0,0.0,3.0,1.0,,,,
BAS,LMG,1.0,0.0,1.0,1.0,,,,
BAS,MAD,5.0,5.0,10.0,0.0,,,,
BAS,MAL,3.0,1.0,4.0,1.0,,,,
BAS,MAR,1.0,0.0,1.0,1.0,,,,
BAS,MCO,1.0,2.0,3.0,0.0,,,,
BAS,MIL,9.0,3.0,12.0,1.0,,,,
BAS,MUN,4.0,2.0,6.0,1.0,,,,
BAS,NAN,1.0,0.0,1.0,1.0,,,,
BAS,NOV,1.0,0.0,1.0,1.0,,,,
BAS,OLY,10.0,9.0,19.0,1.0,,,,
BAS,PAM,3.0,2.0,5.0,1.0,,,,
BAS,PAN,10.0,2.0,12.0,1.0,,,,
BAS,PAR,5.0,0.0,5.0,1.0,,,,
BAS,RED,6.0,3.0,9.0,1.0,,,,
BAS,ROM,1.0,1.0,2.0,0.0,,,,
BAS,SIE,2.0,0.0,2.0,1.0,,,,
BAS,SOP,2.0,1.0,3.0,1.0,,,,
BAS,TEL,9.0,5.0,14.0,1.0,,,,
BAS,TIV,1.0,1.0,2.0,0.0,,,,
BAS,ULK,12.0,4.0,16.0,1.0,,,,
BAS,UNK,1.0,0.0,1.0,1.0,,,,
BAS,VIR,3.0,1.0,4.0,1.0,,,,
BAS,ZAL,7.0,5.0,12.0,1.0,,,,
BER,ASV,2.0,2.0,4.0,0.0,,,,
BER,BAM,1.0,0.0,1.0,1.0,,,,
BER,BAR,2.0,5.0,7.0,0.0,,,,
BER,BAS,3.0,3.0,6.0,0.0,,,,
BER,BER,,,,,-2.6106194690265485,-7.843478260869565,76.69911504424779,76.52173913043478
BER,CED,0.0,1.0,1.0,0.0,,,,
BER,CHL,1.0,0.0,1.0,1.0,,,,
BER,CSK,0.0,5.0,5.0,0.0,,,,
BER,DYR,2.0,1.0,3.0,1.0,,,,
BER,GAL,1.0,0.0,1.0,1.0,,,,
BER,IST,1.0,5.0,6.0,0.0,,,,
BER,JOV,1.0,0.0,1.0,1.0,,,,
BER,KHI,1.0,0.0,1.0,1.0,,,,
BER,LJU,0.0,1.0,1.0,0.0,,,,
BER,LMG,1.0,0.0,1.0,1.0,,,,
BER,MAD,0.0,8.0,8.0,0.0,,,,
BER,MAL,1.0,2.0,3.0,0.0,,,,
BER,MCO,1.0,2.0,3.0,0.0,,,,
BER,MIL,3.0,2.0,5.0,1.0,,,,
BER,MUN,0.0,5.0,5.0,0.0,,,,
BER,OLY,1.0,4.0,5.0,0.0,,,,
BER,PAM,0.0,3.0,3.0,0.0,,,,
BER,PAN,3.0,3.0,6.0,0.0,,,,
BER,PAR,1.0,1.0,2.0,0.0,,,,
BER,RED,5.0,1.0,6.0,1.0,,,,
BER,ROM,1.0,0.0,1.0,1.0,,,,
BER,SIE,0.0,1.0,1.0,0.0,,,,
BER,SOP,1.0,0.0,1.0,1.0,,,,
BER,TEL,1.0,8.0,9.0,0.0,,,,
BER,ULK,3.0,3.0,6.0,0.0,,,,
BER,UNK,1.0,0.0,1.0,1.0,,,,
BER,VIR,0.0,2.0,2.0,0.0,,,,
BER,ZAL,5.0,2.0,7.0,1.0,,,,
BES,BAM,1.0,0.0,1.0,1.0,,,,
BES,BAR,0.0,2.0,2.0,0.0,,,,
BES,BAS,0.0,1.0,1.0,0.0,,,,
BES,BES,,,,,-7.5,-14.25,67.5,65.16666666666667
BES,CSK,0.0,1.0,1.0,0.0,,,,
BES,KHI,0.0,1.0,1.0,0.0,,,,
BES,LIE,1.0,0.0,1.0,1.0,,,,
BES,OLY,0.0,1.0,1.0,0.0,,,,
BES,PAR,1.0,0.0,1.0,1.0,,,,
BES,SIE,1.0,0.0,1.0,1.0,,,,
BES,TEL,0.0,1.0,1.0,0.0,,,,
BES,ULK,1.0,0.0,1.0,1.0,,,,
BIL,BAS,1.0,0.0,1.0,1.0,,,,
BIL,BIL,,,,,8.7,-8.7,78.7,72.2
BIL,CSK,1.0,1.0,2.0,0.0,,,,
BIL,CTU,0.0,1.0,1.0,0.0,,,,
BIL,MAD,1.0,0.0,1.0,1.0,,,,
BIL,MAL,1.0,0.0,1.0,1.0,,,,
BIL,NAN,1.0,0.0,1.0,1.0,,,,
BIL,OLY,1.0,0.0,1.0,1.0,,,,
BIL,SIE,1.0,0.0,1.0,1.0,,,,
BIL,ULK,0.0,1.0,1.0,0.0,,,,
BUD,BAR,1.0,0.0,1.0,1.0,,,,
BUD,BAS,1.0,0.0,1.0,1.0,,,,
BUD,BUD,,,,,-4.4,-16.933333333333334,75.86666666666666,72.8
BUD,CAN,1.0,0.0,1.0,1.0,,,,
BUD,CSK,1.0,0.0,1.0,1.0,,,,
BUD,DAR,1.0,0.0,1.0,1.0,,,,
BUD,IST,0.0,1.0,1.0,0.0,,,,
BUD,KHI,0.0,1.0,1.0,0.0,,,,
BUD,MAD,1.0,0.0,1.0,1.0,,,,
BUD,MIL,0.0,1.0,1.0,0.0,,,,
BUD,MUN,0.0,1.0,1.0,0.0,,,,
BUD,OLY,0.0,1.0,1.0,0.0,,,,
BUD,PAN,0.0,1.0,1.0,0.0,,,,
BUD,TEL,0.0,1.0,1.0,0.0,,,,
BUD,ULK,0.0,1.0,1.0,0.0,,,,
BUD,ZAL,0.0,1.0,1.0,0.0,,,,
CAN,BAR,1.0,0.0,1.0,1.0,,,,
CAN,BAS,0.0,1.0,1.0,0.0,,,,
CAN,BUD,1.0,0.0,1.0,1.0,,,,
CAN,CAN,,,,,-3.7333333333333334,-16.333333333333332,81.6,73.86666666666666
CAN,CSK,0.0,1.0,1.0,0.0,,,,
CAN,DAR,1.0,0.0,1.0,1.0,,,,
CAN,IST,0.0,1.0,1.0,0.0,,,,
CAN,KHI,0.0,1.0,1.0,0.0,,,,
CAN,MAD,0.0,1.0,1.0,0.0,,,,
CAN,MIL,0.0,1.0,1.0,0.0,,,,
CAN,MUN,0.0,1.0,1.0,0.0,,,,
CAN,OLY,1.0,0.0,1.0,1.0,,,,
CAN,PAN,0.0,1.0,1.0,0.0,,,,
CAN,TEL,1.0,0.0,1.0,1.0,,,,
CAN,ULK,0.0,1.0,1.0,0.0,,,,
CAN,ZAL,1.0,0.0,1.0,1.0,,,,
CED,BAS,2.0,0.0,2.0,1.0,,,,
CED,BER,0.0,1.0,1.0,0.0,,,,
CED,CED,,,,,-3.1818181818181817,-10.090909090909092,77.0,70.86363636363636
CED,CSK,0.0,1.0,1.0,0.0,,,,
CED,DAR,0.0,1.0,1.0,0.0,,,,
CED,IST,1.0,2.0,3.0,0.0,,,,
CED,LMG,1.0,1.0,2.0,0.0,,,,
CED,MAL,0.0,2.0,2.0,0.0,,,,
CED,MIL,0.0,2.0,2.0,0.0,,,,
CED,OLY,0.0,2.0,2.0,0.0,,,,
CED,PAN,0.0,1.0,1.0,0.0,,,,
CED,RED,1.0,0.0,1.0,1.0,,,,
CED,TEL,0.0,1.0,1.0,0.0,,,,
CED,TIV,0.0,1.0,1.0,0.0,,,,
CED,ULK,1.0,0.0,1.0,1.0,,,,
CED,ZAL,1.0,0.0,1.0,1.0,,,,
CHA,BAM,1.0,0.0,1.0,1.0,,,,
CHA,CHA,,,,,-3.0,-14.8,71.0,71.0
CHA,IST,0.0,1.0,1.0,0.0,,,,
CHA,MAD,1.0,1.0,2.0,0.0,,,,
CHA,MAL,1.0,0.0,1.0,1.0,,,,
CHA,MIL,0.0,1.0,1.0,0.0,,,,
CHA,OLY,0.0,1.0,1.0,0.0,,,,
CHA,PAR,1.0,0.0,1.0,1.0,,,,
CHA,ROM,0.0,1.0,1.0,0.0,,,,
CHA,TEL,0.0,1.0,1.0,0.0,,,,
CHL,BER,0.0,1.0,1.0,0.0,,,,
CHL,CHL,,,,,-6.4,-5.8,82.0,74.4
CHL,MAL,0.0,1.0,1.0,0.0,,,,
CHL,SIE,1.0,0.0,1.0,1.0,,,,
CHL,SOP,1.0,0.0,1.0,1.0,,,,
CHL,TEL,0.0,1.0,1.0,0.0,,,,
CHO,BAR,0.0,1.0,1.0,0.0,,,,
CHO,CHO,,,,,1.6,-15.4,74.8,66.2
CHO,CIB,1.0,0.0,1.0,1.0,,,,
CHO,LIE,1.0,0.0,1.0,1.0,,,,
CHO,SIE,0.0,1.0,1.0,0.0,,,,
CHO,ULK,1.0,0.0,1.0,1.0,,,,
CIB,ARI,0.0,1.0,1.0,0.0,,,,
CIB,ASV,1.0,0.0,1.0,1.0,,,,
CIB,AVE,1.0,0.0,1.0,1.0,,,,
CIB,BAR,0.0,2.0,2.0,0.0,,,,
CIB,BAS,0.0,1.0,1.0,0.0,,,,
CIB,CHO,0.0,1.0,1.0,0.0,,,,
CIB,CIB,,,,,-2.7142857142857144,-13.5,75.96428571428571,69.14285714285714
CIB,CSK,0.0,1.0,1.0,0.0,,,,
CIB,IST,1.0,0.0,1.0,1.0,,,,
CIB,KHI,1.0,0.0,1.0,1.0,,,,
CIB,LEM,2.0,0.0,2.0,1.0,,,,
CIB,LIE,0.0,2.0,2.0,0.0,,,,
CIB,MAL,0.0,2.0,2.0,0.0,,,,
CIB,MIL,1.0,0.0,1.0,1.0,,,,
CIB,OLY,1.0,1.0,2.0,0.0,,,,
CIB,SIE,1.0,2.0,3.0,0.0,,,,
CIB,TEL,1.0,1.0,2.0,0.0,,,,
CIB,ULK,1.0,2.0,3.0,0.0,,,,
CIB,ZAL,1.0,0.0,1.0,1.0,,,,
CSK,ASV,2.0,0.0,2.0,1.0,,,,
CSK,BAM,7.0,0.0,7.0,1.0,,,,
CSK,BAR,7.0,3.0,10.0,1.0,,,,
CSK,BAS,16.0,1.0,17.0,1.0,,,,
CSK,BER,3.0,1.0,4.0,1.0,,,,
CSK,BES,1.0,0.0,1.0,1.0,,,,
CSK,BIL,2.0,0.0,2.0,1.0,,,,
CSK,BUD,1.0,0.0,1.0,1.0,,,,
CSK,CAN,1.0,0.0,1.0,1.0,,,,
CSK,CED,1.0,0.0,1.0,1.0,,,,
CSK,CIB,1.0,0.0,1.0,1.0,,,,
CSK,CSK,,,,,10.169014084507042,4.560975609756097,84.97652582159624,80.92682926829268
CSK,DAR,3.0,0.0,3.0,1.0,,,,
CSK,DYR,3.0,0.0,3.0,1.0,,,,
CSK,GAL,3.0,0.0,3.0,1.0,,,,
CSK,IST,9.0,3.0,12.0,1.0,,,,
CSK,KHI,7.0,0.0,7.0,1.0,,,,
CSK,LIE,1.0,0.0,1.0,1.0,,,,
CSK,LJU,3.0,0.0,3.0,1.0,,,,
CSK,LMG,1.0,0.0,1.0,1.0,,,,
CSK,MAD,9.0,2.0,11.0,1.0,,,,
CSK,MAL,6.0,2.0,8.0,1.0,,,,
CSK,MAR,1.0,0.0,1.0,1.0,,,,
CSK,MIL,6.0,3.0,9.0,1.0,,,,
CSK,MUN,4.0,1.0,5.0,1.0,,,,
CSK,NIK,1.0,0.0,1.0,1.0,,,,
CSK,NIO,1.0,0.0,1.0,1.0,,,,
CSK,NOV,1.0,0.0,1.0,1.0,,,,
CSK,NTR,1.0,0.0,1.0,1.0,,,,
CSK,OLY,10.0,6.0,16.0,1.0,,,,
CSK,PAM,4.0,0.0,4.0,1.0,,,,
CSK,PAN,12.0,3.0,15.0,1.0,,,,
CSK,PAR,6.0,1.0,7.0,1.0,,,,
CSK,RED,7.0,0.0,7.0,1.0,,,,
CSK,ROM,1.0,1.0,2.0,0.0,,,,
CSK,SAS,1.0,0.0,1.0,1.0,,,,
CSK,SIE,2.0,0.0,2.0,1.0,,,,
CSK,SOP,2.0,0.0,2.0,1.0,,,,
CSK,TEL,8.0,2.0,10.0,1.0,,,,
CSK,TIV,2.0,0.0,2.0,1.0,,,,
CSK,ULK,5.0,6.0,11.0,0.0,,,,
CSK,UNK,1.0,1.0,2.0,0.0,,,,
CSK,VIR,1.0,0.0,1.0,1.0,,,,
CSK,ZAG,1.0,0.0,1.0,1.0,,,,
CSK,ZAL,11.0,1.0,12.0,1.0,,,,
CTU,BAR,0.0,1.0,1.0,0.0,,,,
CTU,BAS,1.0,0.0,1.0,1.0,,,,
CTU,BIL,1.0,0.0,1.0,1.0,,,,
CTU,CTU,,,,,4.076923076923077,-7.769230769230769,73.61538461538461,68.84615384615384
CTU,KHI,1.0,0.0,1.0,1.0,,,,
CTU,LJU,0.0,1.0,1.0,0.0,,,,
CTU,MAD,1.0,0.0,1.0,1.0,,,,
CTU,NAN,1.0,0.0,1.0,1.0,,,,
CTU,OLY,1.0,0.0,1.0,1.0,,,,
CTU,PAN,0.0,1.0,1.0,0.0,,,,
CTU,TEL,1.0,0.0,1.0,1.0,,,,
CTU,ULK,1.0,1.0,2.0,0.0,,,,
CTU,ZAL,1.0,0.0,1.0,1.0,,,,
DAR,BAM,1.0,1.0,2.0,0.0,,,,
DAR,BAR,1.0,1.0,2.0,0.0,,,,
DAR,BAS,2.0,0.0,2.0,1.0,,,,
DAR,BUD,1.0,0.0,1.0,1.0,,,,
DAR,CAN,0.0,1.0,1.0,0.0,,,,
DAR,CED,0.0,1.0,1.0,0.0,,,,
DAR,CSK,1.0,2.0,3.0,0.0,,,,
DAR,DAR,,,,,-0.22727272727272727,-9.136363636363637,76.95454545454545,75.1590909090909
DAR,GAL,1.0,0.0,1.0,1.0,,,,
DAR,IST,0.0,3.0,3.0,0.0,,,,
DAR,KHI,1.0,0.0,1.0,1.0,,,,
DAR,MAD,1.0,3.0,4.0,0.0,,,,
DAR,MAL,2.0,0.0,2.0,1.0,,,,
DAR,MIL,0.0,2.0,2.0,0.0,,,,
DAR,MUN,1.0,0.0,1.0,1.0,,,,
DAR,OLY,1.0,1.0,2.0,0.0,,,,
DAR,PAN,1.0,2.0,3.0,0.0,,,,
DAR,RED,2.0,0.0,2.0,1.0,,,,
DAR,SAS,1.0,0.0,1.0,1.0,,,,
DAR,TEL,1.0,2.0,3.0,0.0,,,,
DAR,TIV,1.0,0.0,1.0,1.0,,,,
DAR,ULK,1.0,2.0,3.0,0.0,,,,
DAR,UNK,1.0,0.0,1.0,1.0,,,,
DAR,ZAL,0.0,2.0,2.0,0.0,,,,
DYR,ASV,2.0,0.0,2.0,1.0,,,,
DYR,BAR,2.0,2.0,4.0,0.0,,,,
DYR,BAS,2.0,1.0,3.0,1.0,,,,
DYR,BER,2.0,1.0,3.0,1.0,,,,
DYR,CSK,0.0,2.0,2.0,0.0,,,,
DYR,DYR,,,,,0.5777777777777777,-1.6666666666666667,76.17777777777778,75.42222222222222
DYR,IST,2.0,0.0,2.0,1.0,,,,
DYR,KHI,0.0,2.0,2.0,0.0,,,,
DYR,MAD,0.0,3.0,3.0,0.0,,,,
DYR,MCO,0.0,1.0,1.0,0.0,,,,
DYR,MIL,2.0,0.0,2.0,1.0,,,,
DYR,MUN,2.0,1.0,3.0,1.0,,,,
DYR,OLY,2.0,1.0,3.0,1.0,,,,
DYR,PAM,0.0,2.0,2.0,0.0,,,,
DYR,PAN,1.0,1.0,2.0,0.0,,,,
DYR,RED,1.0,2.0,3.0,0.0,,,,
DYR,TEL,2.0,1.0,3.0,1.0,,,,
DYR,ULK,0.0,3.0,3.0,0.0,,,,
DYR,ZAL,2.0,0.0,2.0,1.0,,,,
GAL,BAM,0.0,1.0,1.0,0.0,,,,
GAL,BAR,1.0,3.0,4.0,0.0,,,,
GAL,BAS,0.0,2.0,2.0,0.0,,,,
GAL,BER,0.0,1.0,1.0,0.0,,,,
GAL,CSK,1.0,2.0,3.0,0.0,,,,
GAL,DAR,1.0,0.0,1.0,1.0,,,,
GAL,GAL,,,,,-0.2916666666666667,-8.183673469387756,77.64583333333333,72.08163265306122
GAL,GSS,1.0,0.0,1.0,1.0,,,,
GAL,IST,1.0,1.0,2.0,0.0,,,,
GAL,KLA,1.0,0.0,1.0,1.0,,,,
GAL,LJU,1.0,0.0,1.0,1.0,,,,
GAL,MAD,1.0,2.0,3.0,0.0,,,,
GAL,MAL,1.0,0.0,1.0,1.0,,,,
GAL,MIL,1.0,0.0,1.0,1.0,,,,
GAL,MUN,2.0,0.0,2.0,1.0,,,,
GAL,OLY,3.0,1.0,4.0,1.0,,,,
GAL,PAM,1.0,0.0,1.0,1.0,,,,
GAL,PAN,0.0,2.0,2.0,0.0,,,,
GAL,PAR,1.0,0.0,1.0,1.0,,,,
GAL,RED,1.0,2.0,3.0,0.0,,,,
GAL,SIE,1.0,1.0,2.0,0.0,,,,
GAL,SOP,1.0,0.0,1.0,1.0,,,,
GAL,TEL,1.0,2.0,3.0,0.0,,,,
GAL,TIV,0.0,1.0,1.0,0.0,,,,
GAL,ULK,0.0,1.0,1.0,0.0,,,,
GAL,UNK,1.0,1.0,2.0,0.0,,,,
GAL,ZAL,3.0,0.0,3.0,1.0,,,,
GSS,BAR,0.0,1.0,1.0,0.0,,,,
GSS,GAL,0.0,1.0,1.0,0.0,,,,
GSS,GSS,,,,,-8.4,-9.2,72.1,65.0
GSS,KSK,0.0,1.0,1.0,0.0,,,,
GSS,MAL,0.0,1.0,1.0,0.0,,,,
GSS,MUN,0.0,1.0,1.0,0.0,,,,
GSS,OLY,0.0,1.0,1.0,0.0,,,,
GSS,PAN,1.0,0.0,1.0,1.0,,,,
GSS,SIE,1.0,0.0,1.0,1.0,,,,
GSS,TIV,0.0,1.0,1.0,0.0,,,,
GSS,ZAL,0.0,1.0,1.0,0.0,,,,
IST,ARI,0.0,1.0,1.0,0.0,,,,
IST,ASV,5.0,0.0,5.0,1.0,,,,
IST,BAM,2.0,2.0,4.0,0.0,,,,
IST,BAR,7.0,5.0,12.0,1.0,,,,
IST,BAS,4.0,7.0,11.0,0.0,,,,
IST,BER,6.0,0.0,6.0,1.0,,,,
IST,BUD,1.0,0.0,1.0,1.0,,,,
IST,CAN,1.0,0.0,1.0,1.0,,,,
IST,CED,2.0,1.0,3.0,1.0,,,,
IST,CHA,0.0,1.0,1.0,0.0,,,,
IST,CIB,1.0,0.0,1.0,1.0,,,,
IST,CSK,3.0,9.0,12.0,0.0,,,,
IST,DAR,3.0,0.0,3.0,1.0,,,,
IST,DYR,1.0,2.0,3.0,0.0,,,,
IST,GAL,2.0,0.0,2.0,1.0,,,,
IST,IST,,,,,4.497816593886463,-2.755364806866953,80.90829694323143,78.87124463519314
IST,KHI,3.0,1.0,4.0,1.0,,,,
IST,LEM,1.0,0.0,1.0,1.0,,,,
IST,LIE,2.0,0.0,2.0,1.0,,,,
IST,LJU,1.0,0.0,1.0,1.0,,,,
IST,LMG,1.0,0.0,1.0,1.0,,,,
IST,MAD,9.0,11.0,20.0,0.0,,,,
IST,MAL,3.0,4.0,7.0,0.0,,,,
IST,MCO,2.0,1.0,3.0,1.0,,,,
IST,MIL,17.0,2.0,19.0,1.0,,,,
IST,MUN,4.0,2.0,6.0,1.0,,,,
IST,NIO,0.0,1.0,1.0,0.0,,,,
IST,NOV,1.0,1.0,2.0,0.0,,,,
IST,OLY,12.0,6.0,18.0,1.0,,,,
IST,ORL,1.0,0.0,1.0,1.0,,,,
IST,PAM,4.0,1.0,5.0,1.0,,,,
IST,PAN,10.0,2.0,12.0,1.0,,,,
IST,PAR,4.0,3.0,7.0,1.0,,,,
IST,RED,8.0,0.0,8.0,1.0,,,,
IST,SAS,1.0,0.0,1.0,1.0,,,,
IST,SIE,2.0,1.0,3.0,1.0,,,,
IST,STR,1.0,0.0,1.0,1.0,,,,
IST,TEL,7.0,4.0,11.0,1.0,,,,
IST,TIV,0.0,1.0,1.0,0.0,,,,
IST,ULK,3.0,7.0,10.0,0.0,,,,
IST,UNK,3.0,0.0,3.0,1.0,,,,
IST,VIR,2.0,1.0,3.0,1.0,,,,
IST,ZAL,7.0,5.0,12.0,1.0,,,,
JOV,BAS,1.0,0.0,1.0,1.0,,,,
JOV,BER,0.0,1.0,1.0,0.0,,,,
JOV,JOV,,,,,3.8,-5.8,85.0,75.0
JOV,LJU,1.0,0.0,1.0,1.0,,,,
JOV,ROM,1.0,0.0,1.0,1.0,,,,
JOV,ULK,0.0,1.0,1.0,0.0,,,,
KHI,ASV,2.0,0.0,2.0,1.0,,,,
KHI,BAM,2.0,0.0,2.0,1.0,,,,
KHI,BAR,2.0,4.0,6.0,0.0,,,,
KHI,BAS,4.0,4.0,8.0,0.0,,,,
KHI,BER,1.0,1.0,2.0,0.0,,,,
KHI,BES,1.0,0.0,1.0,1.0,,,,
KHI,BUD,1.0,0.0,1.0,1.0,,,,
KHI,CAN,1.0,0.0,1.0,1.0,,,,
KHI,CIB,1.0,0.0,1.0,1.0,,,,
KHI,CSK,2.0,5.0,7.0,0.0,,,,
KHI,CTU,1.0,0.0,1.0,1.0,,,,
KHI,DAR,1.0,0.0,1.0,1.0,,,,
KHI,DYR,0.0,2.0,2.0,0.0,,,,
KHI,IST,1.0,1.0,2.0,0.0,,,,
KHI,KHI,,,,,2.7474747474747474,-6.58,81.4949494949495,77.34
KHI,LJU,1.0,0.0,1.0,1.0,,,,
KHI,MAD,5.0,3.0,8.0,1.0,,,,
KHI,MAL,1.0,0.0,1.0,1.0,,,,
KHI,MIL,2.0,3.0,5.0,0.0,,,,
KHI,MUN,0.0,3.0,3.0,0.0,,,,
KHI,OLD,1.0,0.0,1.0,1.0,,,,
KHI,OLY,3.0,3.0,6.0,0.0,,,,
KHI,PAM,1.0,2.0,3.0,0.0,,,,
KHI,PAN,4.0,2.0,6.0,1.0,,,,
KHI,PAR,1.0,0.0,1.0,1.0,,,,
KHI,RED,4.0,0.0,4.0,1.0,,,,
KHI,SIE,1.0,0.0,1.0,1.0,,,,
KHI,SOP,2.0,0.0,2.0,1.0,,,,
KHI,STR,1.0,0.0,1.0,1.0,,,,
KHI,TEL,2.0,4.0,6.0,0.0,,,,
KHI,ULK,4.0,3.0,7.0,1.0,,,,
KHI,ZAL,5.0,1.0,6.0,1.0,,,,
KLA,BAS,1.0,0.0,1.0,1.0,,,,
KLA,GAL,1.0,0.0,1.0,1.0,,,,
KLA,KLA,,,,,3.2,-22.0,84.0,68.6
KLA,OLY,0.0,1.0,1.0,0.0,,,,
KLA,PAM,1.0,0.0,1.0,1.0,,,,
KLA,RED,1.0,0.0,1.0,1.0,,,,
KSK,BAR,1.0,0.0,1.0,1.0,,,,
KSK,GSS,1.0,0.0,1.0,1.0,,,,
KSK,KSK,,,,,1.0,-15.8,71.6,68.0
KSK,PAN,0.0,1.0,1.0,0.0,,,,
KSK,TIV,0.0,1.0,1.0,0.0,,,,
KSK,ZAL,0.0,1.0,1.0,0.0,,,,
LEM,ARI,0.0,1.0,1.0,0.0,,,,
LEM,AVE,1.0,0.0,1.0,1.0,,,,
LEM,CIB,1.0,1.0,2.0,0.0,,,,
LEM,IST,0.0,1.0,1.0,0.0,,,,
LEM,LEM,,,,,-6.583333333333333,-8.333333333333334,76.83333333333333,71.66666666666667
LEM,LIE,0.0,1.0,1.0,0.0,,,,
LEM,MAL,0.0,2.0,2.0,0.0,,,,
LEM,MIL,0.0,1.0,1.0,0.0,,,,
LEM,OLY,0.0,1.0,1.0,0.0,,,,
LEM,TEL,0.0,2.0,2.0,0.0,,,,
LIE,ARI,2.0,0.0,2.0,1.0,,,,
LIE,BAM,1.0,0.0,1.0,1.0,,,,
LIE,BAR,1.0,1.0,2.0,0.0,,,,
LIE,BAS,0.0,3.0,3.0,0.0,,,,
LIE,BES,0.0,1.0,1.0,0.0,,,,
LIE,CHO,1.0,0.0,1.0,1.0,,,,
LIE,CIB,2.0,0.0,2.0,1.0,,,,
LIE,CSK,0.0,1.0,1.0,0.0,,,,
LIE,IST,1.0,1.0,2.0,0.0,,,,
LIE,LEM,1.0,0.0,1.0,1.0,,,,
LIE,LIE,,,,,1.7575757575757576,-5.909090909090909,75.36363636363636,74.75757575757575
LIE,MAL,2.0,1.0,3.0,1.0,,,,
LIE,MIL,1.0,0.0,1.0,1.0,,,,
LIE,OLY,0.0,1.0,1.0,0.0,,,,
LIE,ORL,1.0,0.0,1.0,1.0,,,,
LIE,PAN,1.0,1.0,2.0,0.0,,,,
LIE,PAR,2.0,0.0,2.0,1.0,,,,
LIE,RED,0.0,1.0,1.0,0.0,,,,
LIE,SIE,0.0,1.0,1.0,0.0,,,,
LIE,TEL,1.0,1.0,2.0,0.0,,,,
LIE,TIV,0.0,1.0,1.0,0.0,,,,
LIE,ULK,1.0,1.0,2.0,0.0,,,,
LJU,BAR,0.0,2.0,2.0,0.0,,,,
LJU,BAS,0.0,3.0,3.0,0.0,,,,
LJU,BER,1.0,0.0,1.0,1.0,,,,
LJU,CSK,2.0,1.0,3.0,1.0,,,,
LJU,CTU,1.0,0.0,1.0,1.0,,,,
LJU,GAL,0.0,1.0,1.0,0.0,,,,
LJU,IST,1.0,0.0,1.0,1.0,,,,
LJU,JOV,0.0,1.0,1.0,0.0,,,,
LJU,KHI,1.0,0.0,1.0,1.0,,,,
LJU,LJU,,,,,-3.6,-14.114285714285714,74.34285714285714,66.4
LJU,MAD,0.0,1.0,1.0,0.0,,,,
LJU,MAR,0.0,1.0,1.0,0.0,,,,
LJU,MIL,1.0,0.0,1.0,1.0,,,,
LJU,OLY,1.0,0.0,1.0,1.0,,,,
LJU,PAM,1.0,0.0,1.0,1.0,,,,
LJU,PAN,1.0,1.0,2.0,0.0,,,,
LJU,ROM,1.0,2.0,3.0,0.0,,,,
LJU,SIE,0.0,2.0,2.0,0.0,,,,
LJU,SOP,2.0,0.0,2.0,1.0,,,,
LJU,TEL,0.0,2.0,2.0,0.0,,,,
LJU,ULK,0.0,2.0,2.0,0.0,,,,
LJU,UNK,0.0,1.0,1.0,0.0,,,,
LJU,VIR,1.0,0.0,1.0,1.0,,,,
LJU,ZAL,0.0,1.0,1.0,0.0,,,,
LMG,BAS,0.0,1.0,1.0,0.0,,,,
LMG,BER,0.0,1.0,1.0,0.0,,,,
LMG,CED,1.0,1.0,2.0,0.0,,,,
LMG,CSK,0.0,1.0,1.0,0.0,,,,
LMG,IST,0.0,1.0,1.0,0.0,,,,
LMG,LMG,,,,,-6.5,-16.4,71.0,69.0
LMG,MAL,1.0,0.0,1.0,1.0,,,,
LMG,MIL,1.0,0.0,1.0,1.0,,,,
LMG,OLY,0.0,1.0,1.0,0.0,,,,
LMG,TEL,0.0,1.0,1.0,0.0,,,,
MAD,ASV,5.0,0.0,5.0,1.0,,,,
MAD,BAM,7.0,0.0,7.0,1.0,,,,
MAD,BAR,9.0,5.0,14.0,1.0,,,,
MAD,BAS,6.0,5.0,11.0,1.0,,,,
MAD,BER,8.0,0.0,8.0,1.0,,,,
MAD,BIL,1.0,0.0,1.0,1.0,,,,
MAD,BUD,1.0,0.0,1.0,1.0,,,,
MAD,CAN,1.0,0.0,1.0,1.0,,,,
MAD,CHA,2.0,0.0,2.0,1.0,,,,
MAD,CSK,6.0,5.0,11.0,1.0,,,,
MAD,CTU,1.0,0.0,1.0,1.0,,,,
MAD,DAR,3.0,1.0,4.0,1.0,,,,
MAD,DYR,2.0,0.0,2.0,1.0,,,,
MAD,GAL,3.0,0.0,3.0,1.0,,,,
MAD,IST,17.0,3.0,20.0,1.0,,,,
MAD,KHI,6.0,2.0,8.0,1.0,,,,
MAD,LJU,1.0,0.0,1.0,1.0,,,,
MAD,MAD,,,,,9.60546875,2.5555555555555554,86.0,79.8452380952381
MAD,MAL,3.0,1.0,4.0,1.0,,,,
MAD,MCO,2.0,1.0,3.0,1.0,,,,
MAD,MIL,11.0,1.0,12.0,1.0,,,,
MAD,MUN,6.0,1.0,7.0,1.0,,,,
MAD,NIO,1.0,0.0,1.0,1.0,,,,
MAD,NOV,1.0,0.0,1.0,1.0,,,,
MAD,OLD,1.0,0.0,1.0,1.0,,,,
MAD,OLY,15.0,3.0,18.0,1.0,,,,
MAD,PAM,6.0,2.0,8.0,1.0,,,,
MAD,PAN,15.0,3.0,18.0,1.0,,,,
MAD,PAR,8.0,2.0,10.0,1.0,,,,
MAD,RED,6.0,2.0,8.0,1.0,,,,
MAD,ROA,1.0,0.0,1.0,1.0,,,,
MAD,ROM,2.0,0.0,2.0,1.0,,,,
MAD,SAS,1.0,0.0,1.0,1.0,,,,
MAD,SIE,1.0,3.0,4.0,0.0,,,,
MAD,SOP,1.0,0.0,1.0,1.0,,,,
MAD,STR,2.0,0.0,2.0,1.0,,,,
MAD,TEL,16.0,3.0,19.0,1.0,,,,
MAD,TIV,1.0,0.0,1.0,1.0,,,,
MAD,ULK,11.0,3.0,14.0,1.0,,,,
MAD,UNK,2.0,1.0,3.0,1.0,,,,
MAD,VIR,1.0,1.0,2.0,0.0,,,,
MAD,ZAL,14.0,1.0,15.0,1.0,,,,
MAL,ARI,1.0,0.0,1.0,1.0,,,,
MAL,AVE,1.0,0.0,1.0,1.0,,,,
MAL,BAM,2.0,3.0,5.0,0.0,,,,
MAL,BAR,2.0,1.0,3.0,1.0,,,,
MAL,BAS,1.0,3.0,4.0,0.0,,,,
MAL,BER,2.0,1.0,3.0,1.0,,,,
MAL,BIL,0.0,1.0,1.0,0.0,,,,
MAL,CED,2.0,0.0,2.0,1.0,,,,
MAL,CHA,1.0,0.0,1.0,1.0,,,,
MAL,CHL,1.0,0.0,1.0,1.0,,,,
MAL,CIB,2.0,0.0,2.0,1.0,,,,
MAL,CSK,1.0,7.0,8.0,0.0,,,,
MAL,DAR,2.0,0.0,2.0,1.0,,,,
MAL,GAL,1.0,0.0,1.0,1.0,,,,
MAL,GSS,1.0,0.0,1.0,1.0,,,,
MAL,IST,5.0,2.0,7.0,1.0,,,,
MAL,KHI,1.0,0.0,1.0,1.0,,,,
MAL,LEM,2.0,0.0,2.0,1.0,,,,
MAL,LIE,3.0,0.0,3.0,1.0,,,,
MAL,LMG,1.0,0.0,1.0,1.0,,,,
MAL,MAD,2.0,2.0,4.0,0.0,,,,
MAL,MAL,,,,,3.0761904761904764,-4.190476190476191,78.04761904761905,73.23809523809524
MAL,MIL,3.0,1.0,4.0,1.0,,,,
MAL,MUN,1.0,0.0,1.0,1.0,,,,
MAL,NOV,1.0,0.0,1.0,1.0,,,,
MAL,OLY,4.0,3.0,7.0,1.0,,,,
MAL,ORL,0.0,1.0,1.0,0.0,,,,
MAL,PAM,0.0,1.0,1.0,0.0,,,,
MAL,PAN,2.0,5.0,7.0,0.0,,,,
MAL,PAR,0.0,2.0,2.0,0.0,,,,
MAL,RED,1.0,1.0,2.0,0.0,,,,
MAL,ROM,3.0,0.0,3.0,1.0,,,,
MAL,SAS,1.0,0.0,1.0,1.0,,,,
MAL,SIE,1.0,2.0,3.0,0.0,,,,
MAL,SOP,1.0,1.0,2.0,0.0,,,,
MAL,TEL,4.0,2.0,6.0,1.0,,,,
MAL,TIV,0.0,1.0,1.0,0.0,,,,
MAL,ULK,3.0,1.0,4.0,1.0,,,,
MAL,ZAG,1.0,0.0,1.0,1.0,,,,
MAL,ZAL,2.0,2.0,4.0,0.0,,,,
MAR,BAR,0.0,1.0,1.0,0.0,,,,
MAR,BAS,0.0,1.0,1.0,0.0,,,,
MAR,CSK,0.0,1.0,1.0,0.0,,,,
MAR,LJU,1.0,0.0,1.0,1.0,,,,
MAR,MAR,,,,,-3.375,-3.25,71.75,73.625
MAR,PAN,1.0,0.0,1.0,1.0,,,,
MAR,PAR,1.0,0.0,1.0,1.0,,,,
MAR,ROM,0.0,1.0,1.0,0.0,,,,
MAR,TEL,1.0,0.0,1.0,1.0,,,,
MCO,ASV,2.0,1.0,3.0,1.0,,,,
MCO,BAR,2.0,2.0,4.0,0.0,,,,
MCO,BAS,3.0,0.0,3.0,1.0,,,,
MCO,BER,3.0,0.0,3.0,1.0,,,,
MCO,CSK,1.0,0.0,1.0,1.0,,,,
MCO,DYR,0.0,1.0,1.0,0.0,,,,
MCO,IST,2.0,1.0,3.0,1.0,,,,
MCO,MAD,1.0,2.0,3.0,0.0,,,,
MCO,MCO,,,,,5.716666666666667,-1.9827586206896552,84.33333333333333,80.56896551724138
MCO,MIL,1.0,2.0,3.0,0.0,,,,
MCO,MUN,3.0,0.0,3.0,1.0,,,,
MCO,OLY,4.0,1.0,5.0,1.0,,,,
MCO,PAM,2.0,0.0,2.0,1.0,,,,
MCO,PAN,2.0,1.0,3.0,1.0,,,,
MCO,PAR,1.0,1.0,2.0,0.0,,,,
MCO,RED,3.0,0.0,3.0,1.0,,,,
MCO,TEL,5.0,1.0,6.0,1.0,,,,
MCO,ULK,3.0,3.0,6.0,0.0,,,,
MCO,UNK,1.0,0.0,1.0,1.0,,,,
MCO,VIR,1.0,1.0,2.0,0.0,,,,
MCO,ZAL,2.0,1.0,3.0,1.0,,,,
MIL,ARI,1.0,0.0,1.0,1.0,,,,
MIL,ASV,3.0,1.0,4.0,1.0,,,,
MIL,BAM,2.0,1.0,3.0,1.0,,,,
MIL,BAR,6.0,4.0,10.0,1.0,,,,
MIL,BAS,10.0,3.0,13.0,1.0,,,,
MIL,BER,3.0,2.0,5.0,1.0,,,,
MIL,BUD,1.0,0.0,1.0,1.0,,,,
MIL,CAN,0.0,1.0,1.0,0.0,,,,
MIL,CED,1.0,1.0,2.0,0.0,,,,
MIL,CHA,1.0,0.0,1.0,1.0,,,,
MIL,CIB,0.0,1.0,1.0,0.0,,,,
MIL,CSK,4.0,5.0,9.0,0.0,,,,
MIL,DAR,2.0,0.0,2.0,1.0,,,,
MIL,DYR,2.0,0.0,2.0,1.0,,,,
MIL,GAL,1.0,0.0,1.0,1.0,,,,
MIL,IST,12.0,7.0,19.0,1.0,,,,
MIL,KHI,2.0,3.0,5.0,0.0,,,,
MIL,LEM,0.0,1.0,1.0,0.0,,,,
MIL,LIE,0.0,1.0,1.0,0.0,,,,
MIL,LJU,0.0,1.0,1.0,0.0,,,,
MIL,LMG,0.0,1.0,1.0,0.0,,,,
MIL,MAD,3.0,9.0,12.0,0.0,,,,
MIL,MAL,3.0,1.0,4.0,1.0,,,,
MIL,MCO,1.0,2.0,3.0,0.0,,,,
MIL,MIL,,,,,1.25,-4.7711442786069655,78.535,76.77114427860697
MIL,MUN,9.0,1.0,10.0,1.0,,,,
MIL,NIO,1.0,0.0,1.0,1.0,,,,
MIL,NOV,0.0,1.0,1.0,0.0,,,,
MIL,OLD,1.0,0.0,1.0,1.0,,,,
MIL,OLY,7.0,5.0,12.0,1.0,,,,
MIL,PAM,4.0,2.0,6.0,1.0,,,,
MIL,PAN,5.0,8.0,13.0,0.0,,,,
MIL,PAR,3.0,1.0,4.0,1.0,,,,
MIL,RED,2.0,5.0,7.0,0.0,,,,
MIL,SOP,1.0,1.0,2.0,0.0,,,,
MIL,STR,1.0,0.0,1.0,1.0,,,,
MIL,TEL,7.0,5.0,12.0,1.0,,,,
MIL,ULK,4.0,8.0,12.0,0.0,,,,
MIL,UNK,1.0,1.0,2.0,0.0,,,,
MIL,VIR,1.0,1.0,2.0,0.0,,,,
MIL,ZAL,5.0,5.0,10.0,0.0,,,,
MIL,ZGO,1.0,0.0,1.0,1.0,,,,
MUN,ASV,4.0,1.0,5.0,1.0,,,,
MUN,BAR,3.0,6.0,9.0,0.0,,,,
MUN,BAS,4.0,2.0,6.0,1.0,,,,
MUN,BER,3.0,1.0,4.0,1.0,,,,
MUN,BUD,1.0,0.0,1.0,1.0,,,,
MUN,CAN,1.0,0.0,1.0,1.0,,,,
MUN,CSK,0.0,4.0,4.0,0.0,,,,
MUN,DAR,1.0,0.0,1.0,1.0,,,,
MUN,DYR,2.0,0.0,2.0,1.0,,,,
MUN,GAL,1.0,1.0,2.0,0.0,,,,
MUN,GSS,0.0,1.0,1.0,0.0,,,,
MUN,IST,4.0,2.0,6.0,1.0,,,,
MUN,KHI,3.0,1.0,4.0,1.0,,,,
MUN,MAD,2.0,6.0,8.0,0.0,,,,
MUN,MAL,1.0,0.0,1.0,1.0,,,,
MUN,MCO,0.0,3.0,3.0,0.0,,,,
MUN,MIL,6.0,3.0,9.0,1.0,,,,
MUN,MUN,,,,,0.9083333333333333,-5.712,78.925,75.472
MUN,OLY,2.0,5.0,7.0,0.0,,,,
MUN,PAM,3.0,1.0,4.0,1.0,,,,
MUN,PAN,5.0,2.0,7.0,1.0,,,,
MUN,PAR,2.0,1.0,3.0,1.0,,,,
MUN,RED,4.0,1.0,5.0,1.0,,,,
MUN,SIE,1.0,0.0,1.0,1.0,,,,
MUN,STR,1.0,0.0,1.0,1.0,,,,
MUN,TEL,4.0,3.0,7.0,1.0,,,,
MUN,TIV,1.0,0.0,1.0,1.0,,,,
MUN,ULK,2.0,5.0,7.0,0.0,,,,
MUN,VIR,2.0,0.0,2.0,1.0,,,,
MUN,ZAL,5.0,2.0,7.0,1.0,,,,
MUN,ZGO,1.0,0.0,1.0,1.0,,,,
NAN,BAR,0.0,1.0,1.0,0.0,,,,
NAN,BAS,1.0,0.0,1.0,1.0,,,,
NAN,BIL,1.0,0.0,1.0,1.0,,,,
NAN,CTU,1.0,0.0,1.0,1.0,,,,
NAN,NAN,,,,,-5.4,-18.5,73.0,71.9
NAN,OLY,0.0,1.0,1.0,0.0,,,,
NAN,PAN,0.0,1.0,1.0,0.0,,,,
NAN,SIE,0.0,1.0,1.0,0.0,,,,
NAN,SOP,1.0,0.0,1.0,1.0,,,,
NAN,ULK,0.0,1.0,1.0,0.0,,,,
NAN,ZAL,1.0,0.0,1.0,1.0,,,,
NIK,BAR,0.0,1.0,1.0,0.0,,,,
NIK,CSK,0.0,1.0,1.0,0.0,,,,
NIK,NIK,,,,,-4.2,-14.8,80.6,66.8
NIK,NTR,1.0,0.0,1.0,1.0,,,,
NIK,PAR,1.0,0.0,1.0,1.0,,,,
NIK,ULK,0.0,1.0,1.0,0.0,,,,
NIO,CSK,0.0,1.0,1.0,0.0,,,,
NIO,IST,0.0,1.0,1.0,0.0,,,,
NIO,MAD,1.0,0.0,1.0,1.0,,,,
NIO,MIL,0.0,1.0,1.0,0.0,,,,
NIO,NIO,,,,,-10.2,-14.2,66.6,67.0
NIO,PAR,1.0,0.0,1.0,1.0,,,,
NOV,BAS,1.0,0.0,1.0,1.0,,,,
NOV,CSK,0.0,1.0,1.0,0.0,,,,
NOV,IST,1.0,1.0,2.0,0.0,,,,
NOV,MAD,0.0,1.0,1.0,0.0,,,,
NOV,MAL,0.0,1.0,1.0,0.0,,,,
NOV,MIL,0.0,1.0,1.0,0.0,,,,
NOV,NOV,,,,,-4.083333333333333,-6.166666666666667,79.83333333333333,77.25
NOV,OLY,0.0,1.0,1.0,0.0,,,,
NOV,SAS,1.0,0.0,1.0,1.0,,,,
NOV,ULK,0.0,1.0,1.0,0.0,,,,
NOV,UNK,1.0,0.0,1.0,1.0,,,,
NOV,ZAL,0.0,1.0,1.0,0.0,,,,
NTR,BAR,0.0,1.0,1.0,0.0,,,,
NTR,CSK,0.0,1.0,1.0,0.0,,,,
NTR,NIK,1.0,0.0,1.0,1.0,,,,
NTR,NTR,,,,,-1.2,-13.0,71.0,65.4
NTR,PAR,1.0,0.0,1.0,1.0,,,,
NTR,ULK,0.0,1.0,1.0,0.0,,,,
OLD,KHI,0.0,1.0,1.0,0.0,,,,
OLD,MAD,0.0,1.0,1.0,0.0,,,,
OLD,MIL,0.0,1.0,1.0,0.0,,,,
OLD,OLD,,,,,-14.0,-14.6,64.8,66.6
OLD,PAN,0.0,1.0,1.0,0.0,,,,
OLD,SOP,0.0,1.0,1.0,0.0,,,,
OLY,ASV,4.0,1.0,5.0,1.0,,,,
OLY,AVE,1.0,0.0,1.0,1.0,,,,
OLY,BAM,3.0,1.0,4.0,1.0,,,,
OLY,BAR,8.0,8.0,16.0,0.0,,,,
OLY,BAS,17.0,2.0,19.0,1.0,,,,
OLY,BER,4.0,1.0,5.0,1.0,,,,
OLY,BES,1.0,0.0,1.0,1.0,,,,
OLY,BIL,1.0,0.0,1.0,1.0,,,,
OLY,BUD,1.0,0.0,1.0,1.0,,,,
OLY,CAN,1.0,0.0,1.0,1.0,,,,
OLY,CED,2.0,0.0,2.0,1.0,,,,
OLY,CHA,1.0,0.0,1.0,1.0,,,,
OLY,CIB,2.0,0.0,2.0,1.0,,,,
OLY,CSK,4.0,6.0,10.0,0.0,,,,
OLY,CTU,1.0,0.0,1.0,1.0,,,,
OLY,DAR,2.0,0.0,2.0,1.0,,,,
OLY,DYR,1.0,1.0,2.0,0.0,,,,
OLY,GAL,3.0,1.0,4.0,1.0,,,,
OLY,GSS,1.0,0.0,1.0,1.0,,,,
OLY,IST,16.0,5.0,21.0,1.0,,,,
OLY,KHI,7.0,0.0,7.0,1.0,,,,
OLY,KLA,1.0,0.0,1.0,1.0,,,,
OLY,LEM,0.0,1.0,1.0,0.0,,,,
OLY,LIE,1.0,0.0,1.0,1.0,,,,
OLY,LJU,1.0,0.0,1.0,1.0,,,,
OLY,LMG,1.0,0.0,1.0,1.0,,,,
OLY,MAD,12.0,4.0,16.0,1.0,,,,
OLY,MAL,7.0,0.0,7.0,1.0,,,,
OLY,MCO,5.0,2.0,7.0,1.0,,,,
OLY,MIL,11.0,2.0,13.0,1.0,,,,
OLY,MUN,7.0,0.0,7.0,1.0,,,,
OLY,NAN,1.0,0.0,1.0,1.0,,,,
OLY,NOV,1.0,0.0,1.0,1.0,,,,
OLY,OLY,,,,,7.840637450199203,-1.5058823529411764,81.10756972111554,76.69411764705882
OLY,ORL,1.0,0.0,1.0,1.0,,,,
OLY,PAM,4.0,3.0,7.0,1.0,,,,
OLY,PAN,7.0,3.0,10.0,1.0,,,,
OLY,PAR,3.0,0.0,3.0,1.0,,,,
OLY,RED,5.0,2.0,7.0,1.0,,,,
OLY,ROM,1.0,0.0,1.0,1.0,,,,
OLY,SIE,4.0,3.0,7.0,1.0,,,,
OLY,SOP,4.0,0.0,4.0,1.0,,,,
OLY,TEL,7.0,4.0,11.0,1.0,,,,
OLY,ULK,11.0,6.0,17.0,1.0,,,,
OLY,UNK,1.0,0.0,1.0,1.0,,,,
OLY,VIR,3.0,0.0,3.0,1.0,,,,
OLY,ZAL,10.0,5.0,15.0,1.0,,,,
ORL,IST,0.0,1.0,1.0,0.0,,,,
ORL,LIE,0.0,1.0,1.0,0.0,,,,
ORL,MAL,0.0,1.0,1.0,0.0,,,,
ORL,OLY,0.0,1.0,1.0,0.0,,,,
ORL,ORL,,,,,-7.0,-6.2,71.0,73.4
ORL,PAR,1.0,0.0,1.0,1.0,,,,
PAM,ASV,2.0,2.0,4.0,0.0,,,,
PAM,BAM,1.0,0.0,1.0,1.0,,,,
PAM,BAR,2.0,3.0,5.0,0.0,,,,
PAM,BAS,3.0,3.0,6.0,0.0,,,,
PAM,BER,3.0,1.0,4.0,1.0,,,,
PAM,CSK,3.0,1.0,4.0,1.0,,,,
PAM,DYR,1.0,1.0,2.0,0.0,,,,
PAM,GAL,1.0,0.0,1.0,1.0,,,,
PAM,IST,5.0,1.0,6.0,1.0,,,,
PAM,KHI,3.0,0.0,3.0,1.0,,,,
PAM,KLA,1.0,0.0,1.0,1.0,,,,
PAM,LJU,1.0,0.0,1.0,1.0,,,,
PAM,MAD,3.0,3.0,6.0,0.0,,,,
PAM,MAL,1.0,0.0,1.0,1.0,,,,
PAM,MCO,2.0,0.0,2.0,1.0,,,,
PAM,MIL,2.0,4.0,6.0,0.0,,,,
PAM,MUN,4.0,0.0,4.0,1.0,,,,
PAM,OLY,0.0,7.0,7.0,0.0,,,,
PAM,PAM,,,,,2.231578947368421,-5.489583333333333,80.53684210526316,77.125
PAM,PAN,4.0,2.0,6.0,1.0,,,,
PAM,PAR,1.0,1.0,2.0,0.0,,,,
PAM,RED,2.0,3.0,5.0,0.0,,,,
PAM,TEL,3.0,2.0,5.0,1.0,,,,
PAM,ULK,4.0,2.0,6.0,1.0,,,,
PAM,VIR,2.0,0.0,2.0,1.0,,,,
PAM,ZAL,1.0,4.0,5.0,0.0,,,,
PAN,ASV,4.0,1.0,5.0,1.0,,,,
PAN,BAM,5.0,0.0,5.0,1.0,,,,
PAN,BAR,9.0,11.0,20.0,0.0,,,,
PAN,BAS,9.0,3.0,12.0,1.0,,,,
PAN,BER,4.0,3.0,7.0,1.0,,,,
PAN,BUD,1.0,0.0,1.0,1.0,,,,
PAN,CAN,1.0,0.0,1.0,1.0,,,,
PAN,CED,1.0,0.0,1.0,1.0,,,,
PAN,CSK,7.0,7.0,14.0,0.0,,,,
PAN,CTU,1.0,0.0,1.0,1.0,,,,
PAN,DAR,3.0,0.0,3.0,1.0,,,,
PAN,DYR,2.0,1.0,3.0,1.0,,,,
PAN,GAL,2.0,0.0,2.0,1.0,,,,
PAN,GSS,1.0,0.0,1.0,1.0,,,,
PAN,IST,11.0,2.0,13.0,1.0,,,,
PAN,KHI,4.0,1.0,5.0,1.0,,,,
PAN,KSK,1.0,0.0,1.0,1.0,,,,
PAN,LIE,1.0,1.0,2.0,0.0,,,,
PAN,LJU,2.0,0.0,2.0,1.0,,,,
PAN,MAD,7.0,9.0,16.0,0.0,,,,
PAN,MAL,7.0,0.0,7.0,1.0,,,,
PAN,MAR,1.0,0.0,1.0,1.0,,,,
PAN,MCO,1.0,2.0,3.0,0.0,,,,
PAN,MIL,9.0,4.0,13.0,1.0,,,,
PAN,MUN,7.0,0.0,7.0,1.0,,,,
PAN,NAN,1.0,0.0,1.0,1.0,,,,
PAN,OLD,1.0,0.0,1.0,1.0,,,,
PAN,OLY,3.0,6.0,9.0,0.0,,,,
PAN,PAM,4.0,2.0,6.0,1.0,,,,
PAN,PAN,,,,,5.774590163934426,-3.099585062240664,80.63934426229508,75.17427385892117
PAN,PAR,4.0,2.0,6.0,1.0,,,,
PAN,RED,8.0,2.0,10.0,1.0,,,,
PAN,ROA,1.0,0.0,1.0,1.0,,,,
PAN,ROM,2.0,0.0,2.0,1.0,,,,
PAN,SIE,4.0,1.0,5.0,1.0,,,,
PAN,SOP,2.0,0.0,2.0,1.0,,,,
PAN,TEL,10.0,5.0,15.0,1.0,,,,
PAN,TIV,1.0,2.0,3.0,0.0,,,,
PAN,ULK,13.0,4.0,17.0,1.0,,,,
PAN,UNK,1.0,2.0,3.0,0.0,,,,
PAN,VIR,2.0,0.0,2.0,1.0,,,,
PAN,ZAG,1.0,0.0,1.0,1.0,,,,
PAN,ZAL,10.0,3.0,13.0,1.0,,,,
PAN,ZGO,1.0,0.0,1.0,1.0,,,,
PAR,ASV,2.0,0.0,2.0,1.0,,,,
PAR,BAM,1.0,1.0,2.0,0.0,,,,
PAR,BAR,2.0,4.0,6.0,0.0,,,,
PAR,BAS,4.0,0.0,4.0,1.0,,,,
PAR,BER,2.0,0.0,2.0,1.0,,,,
PAR,BES,1.0,0.0,1.0,1.0,,,,
PAR,CHA,1.0,0.0,1.0,1.0,,,,
PAR,CSK,1.0,4.0,5.0,0.0,,,,
PAR,GAL,0.0,1.0,1.0,0.0,,,,
PAR,IST,5.0,2.0,7.0,1.0,,,,
PAR,KHI,1.0,0.0,1.0,1.0,,,,
PAR,LIE,2.0,0.0,2.0,1.0,,,,
PAR,MAD,3.0,6.0,9.0,0.0,,,,
PAR,MAL,1.0,1.0,2.0,0.0,,,,
PAR,MAR,1.0,0.0,1.0,1.0,,,,
PAR,MCO,2.0,0.0,2.0,1.0,,,,
PAR,MIL,2.0,2.0,4.0,0.0,,,,
PAR,MUN,2.0,1.0,3.0,1.0,,,,
PAR,NIK,1.0,0.0,1.0,1.0,,,,
PAR,NIO,1.0,0.0,1.0,1.0,,,,
PAR,NTR,1.0,0.0,1.0,1.0,,,,
PAR,OLY,2.0,2.0,4.0,0.0,,,,
PAR,ORL,1.0,0.0,1.0,1.0,,,,
PAR,PAM,1.0,1.0,2.0,0.0,,,,
PAR,PAN,4.0,2.0,6.0,1.0,,,,
PAR,PAR,,,,,3.711340206185567,-7.05,78.5979381443299,73.19
PAR,RED,1.0,1.0,2.0,0.0,,,,
PAR,ROA,1.0,0.0,1.0,1.0,,,,
PAR,ROM,2.0,0.0,2.0,1.0,,,,
PAR,SIE,1.0,1.0,2.0,0.0,,,,
PAR,SOP,1.0,0.0,1.0,1.0,,,,
PAR,TEL,6.0,1.0,7.0,1.0,,,,
PAR,TIV,0.0,1.0,1.0,0.0,,,,
PAR,ULK,1.0,3.0,4.0,0.0,,,,
PAR,VIR,1.0,1.0,2.0,0.0,,,,
PAR,ZAL,4.0,0.0,4.0,1.0,,,,
RED,ASV,3.0,2.0,5.0,1.0,,,,
RED,BAM,1.0,1.0,2.0,0.0,,,,
RED,BAR,2.0,6.0,8.0,0.0,,,,
RED,BAS,5.0,4.0,9.0,1.0,,,,
RED,BER,2.0,4.0,6.0,0.0,,,,
RED,CED,1.0,0.0,1.0,1.0,,,,
RED,CSK,2.0,3.0,5.0,0.0,,,,
RED,DAR,0.0,2.0,2.0,0.0,,,,
RED,DYR,0.0,2.0,2.0,0.0,,,,
RED,GAL,2.0,1.0,3.0,1.0,,,,
RED,IST,5.0,3.0,8.0,1.0,,,,
RED,KHI,3.0,1.0,4.0,1.0,,,,
RED,KLA,1.0,0.0,1.0,1.0,,,,
RED,LIE,1.0,0.0,1.0,1.0,,,,
RED,MAD,3.0,6.0,9.0,0.0,,,,
RED,MAL,2.0,0.0,2.0,1.0,,,,
RED,MCO,1.0,2.0,3.0,0.0,,,,
RED,MIL,2.0,4.0,6.0,0.0,,,,
RED,MUN,5.0,1.0,6.0,1.0,,,,
RED,OLY,4.0,4.0,8.0,0.0,,,,
RED,PAM,6.0,0.0,6.0,1.0,,,,
RED,PAN,6.0,4.0,10.0,1.0,,,,
RED,PAR,1.0,1.0,2.0,0.0,,,,
RED,RED,,,,,2.528169014084507,-6.71830985915493,78.26760563380282,73.97183098591549
RED,STR,1.0,0.0,1.0,1.0,,,,
RED,TEL,7.0,2.0,9.0,1.0,,,,
RED,TIV,1.0,1.0,2.0,0.0,,,,
RED,ULK,5.0,4.0,9.0,1.0,,,,
RED,UNK,1.0,1.0,2.0,0.0,,,,
RED,VIR,2.0,0.0,2.0,1.0,,,,
RED,ZAL,3.0,5.0,8.0,0.0,,,,
ROA,BAM,1.0,0.0,1.0,1.0,,,,
ROA,BAR,0.0,1.0,1.0,0.0,,,,
ROA,MAD,0.0,1.0,1.0,0.0,,,,
ROA,PAN,0.0,1.0,1.0,0.0,,,,
ROA,PAR,0.0,1.0,1.0,0.0,,,,
ROA,ROA,,,,,-7.142857142857143,-10.0,85.0,72.71428571428571
ROA,ROM,1.0,0.0,1.0,1.0,,,,
ROA,ULK,0.0,1.0,1.0,0.0,,,,
ROM,BAM,2.0,0.0,2.0,1.0,,,,
ROM,BAR,1.0,2.0,3.0,0.0,,,,
ROM,BAS,1.0,1.0,2.0,0.0,,,,
ROM,BER,1.0,0.0,1.0,1.0,,,,
ROM,CHA,1.0,0.0,1.0,1.0,,,,
ROM,CSK,0.0,2.0,2.0,0.0,,,,
ROM,JOV,1.0,0.0,1.0,1.0,,,,
ROM,LJU,2.0,1.0,3.0,1.0,,,,
ROM,MAD,1.0,1.0,2.0,0.0,,,,
ROM,MAL,2.0,1.0,3.0,1.0,,,,
ROM,MAR,0.0,1.0,1.0,0.0,,,,
ROM,OLY,0.0,1.0,1.0,0.0,,,,
ROM,PAN,1.0,1.0,2.0,0.0,,,,
ROM,PAR,2.0,0.0,2.0,1.0,,,,
ROM,ROA,0.0,1.0,1.0,0.0,,,,
ROM,ROM,,,,,0.5161290322580645,-8.870967741935484,74.61290322580645,72.6774193548387
ROM,TEL,1.0,1.0,2.0,0.0,,,,
ROM,ULK,1.0,1.0,2.0,0.0,,,,
SAS,BAM,0.0,1.0,1.0,0.0,,,,
SAS,CSK,0.0,1.0,1.0,0.0,,,,
SAS,DAR,0.0,1.0,1.0,0.0,,,,
SAS,IST,0.0,1.0,1.0,0.0,,,,
SAS,MAD,0.0,1.0,1.0,0.0,,,,
SAS,MAL,0.0,1.0,1.0,0.0,,,,
SAS,NOV,0.0,1.0,1.0,0.0,,,,
SAS,SAS,,,,,-9.9,-15.1,72.5,72.3
SAS,TEL,0.0,1.0,1.0,0.0,,,,
SAS,UNK,0.0,1.0,1.0,0.0,,,,
SAS,ZAL,1.0,0.0,1.0,1.0,,,,
SIE,ASV,1.0,0.0,1.0,1.0,,,,
SIE,BAR,3.0,2.0,5.0,1.0,,,,
SIE,BAS,3.0,0.0,3.0,1.0,,,,
SIE,BER,0.0,1.0,1.0,0.0,,,,
SIE,BES,1.0,0.0,1.0,1.0,,,,
SIE,BIL,1.0,0.0,1.0,1.0,,,,
SIE,CHL,1.0,0.0,1.0,1.0,,,,
SIE,CHO,1.0,0.0,1.0,1.0,,,,
SIE,CIB,3.0,0.0,3.0,1.0,,,,
SIE,CSK,1.0,1.0,2.0,0.0,,,,
SIE,GAL,1.0,1.0,2.0,0.0,,,,
SIE,GSS,1.0,0.0,1.0,1.0,,,,
SIE,IST,3.0,0.0,3.0,1.0,,,,
SIE,KHI,1.0,0.0,1.0,1.0,,,,
SIE,LIE,1.0,0.0,1.0,1.0,,,,
SIE,LJU,2.0,0.0,2.0,1.0,,,,
SIE,MAD,1.0,2.0,3.0,0.0,,,,
SIE,MAL,2.0,1.0,3.0,1.0,,,,
SIE,MUN,1.0,0.0,1.0,1.0,,,,
SIE,NAN,1.0,0.0,1.0,1.0,,,,
SIE,OLY,4.0,3.0,7.0,1.0,,,,
SIE,PAN,2.0,2.0,4.0,0.0,,,,
SIE,PAR,2.0,0.0,2.0,1.0,,,,
SIE,SIE,,,,,8.102941176470589,1.1911764705882353,80.72058823529412,75.88235294117646
SIE,SOP,3.0,1.0,4.0,1.0,,,,
SIE,TEL,3.0,1.0,4.0,1.0,,,,
SIE,ULK,5.0,0.0,5.0,1.0,,,,
SIE,UNK,0.0,1.0,1.0,0.0,,,,
SIE,VIR,1.0,0.0,1.0,1.0,,,,
SIE,ZAL,3.0,0.0,3.0,1.0,,,,
SOP,BAR,0.0,2.0,2.0,0.0,,,,
SOP,BAS,0.0,3.0,3.0,0.0,,,,
SOP,BER,1.0,0.0,1.0,1.0,,,,
SOP,CHL,0.0,1.0,1.0,0.0,,,,
SOP,CSK,1.0,1.0,2.0,0.0,,,,
SOP,GAL,0.0,1.0,1.0,0.0,,,,
SOP,KHI,2.0,0.0,2.0,1.0,,,,
SOP,LJU,2.0,0.0,2.0,1.0,,,,
SOP,MAD,1.0,0.0,1.0,1.0,,,,
SOP,MAL,0.0,2.0,2.0,0.0,,,,
SOP,MIL,1.0,1.0,2.0,0.0,,,,
SOP,NAN,1.0,0.0,1.0,1.0,,,,
SOP,OLD,0.0,1.0,1.0,0.0,,,,
SOP,OLY,2.0,2.0,4.0,0.0,,,,
SOP,PAN,0.0,2.0,2.0,0.0,,,,
SOP,PAR,0.0,1.0,1.0,0.0,,,,
SOP,SIE,0.0,4.0,4.0,0.0,,,,
SOP,SOP,,,,,-4.925,-11.65,71.025,69.575
SOP,TEL,0.0,2.0,2.0,0.0,,,,
SOP,UNK,0.0,1.0,1.0,0.0,,,,
SOP,VIR,1.0,0.0,1.0,1.0,,,,
SOP,ZAL,2.0,2.0,4.0,0.0,,,,
STR,BAM,1.0,0.0,1.0,1.0,,,,
STR,IST,0.0,1.0,1.0,0.0,,,,
STR,KHI,0.0,1.0,1.0,0.0,,,,
STR,MAD,1.0,1.0,2.0,0.0,,,,
STR,MIL,1.0,0.0,1.0,1.0,,,,
STR,MUN,0.0,1.0,1.0,0.0,,,,
STR,RED,1.0,0.0,1.0,1.0,,,,
STR,STR,,,,,0.1,-19.7,76.8,64.8
STR,ULK,1.0,0.0,1.0,1.0,,,,
STR,ZAL,1.0,0.0,1.0,1.0,,,,
TEL,ARI,1.0,0.0,1.0,1.0,,,,
TEL,ASV,4.0,1.0,5.0,1.0,,,,
TEL,AVE,1.0,0.0,1.0,1.0,,,,
TEL,BAM,2.0,1.0,3.0,1.0,,,,
TEL,BAR,8.0,7.0,15.0,1.0,,,,
TEL,BAS,10.0,4.0,14.0,1.0,,,,
TEL,BER,8.0,1.0,9.0,1.0,,,,
TEL,BES,1.0,0.0,1.0,1.0,,,,
TEL,BUD,1.0,0.0,1.0,1.0,,,,
TEL,CAN,1.0,0.0,1.0,1.0,,,,
TEL,CED,0.0,1.0,1.0,0.0,,,,
TEL,CHA,1.0,0.0,1.0,1.0,,,,
TEL,CHL,1.0,0.0,1.0,1.0,,,,
TEL,CIB,2.0,0.0,2.0,1.0,,,,
TEL,CSK,3.0,8.0,11.0,0.0,,,,
TEL,CTU,1.0,0.0,1.0,1.0,,,,
TEL,DAR,2.0,1.0,3.0,1.0,,,,
TEL,DYR,0.0,1.0,1.0,0.0,,,,
TEL,GAL,3.0,0.0,3.0,1.0,,,,
TEL,IST,6.0,5.0,11.0,1.0,,,,
TEL,KHI,5.0,1.0,6.0,1.0,,,,
TEL,LEM,2.0,0.0,2.0,1.0,,,,
TEL,LIE,1.0,1.0,2.0,0.0,,,,
TEL,LJU,2.0,0.0,2.0,1.0,,,,
TEL,LMG,1.0,0.0,1.0,1.0,,,,
TEL,MAD,9.0,8.0,17.0,1.0,,,,
TEL,MAL,2.0,4.0,6.0,0.0,,,,
TEL,MAR,1.0,0.0,1.0,1.0,,,,
TEL,MCO,4.0,1.0,5.0,1.0,,,,
TEL,MIL,11.0,1.0,12.0,1.0,,,,
TEL,MUN,6.0,1.0,7.0,1.0,,,,
TEL,OLY,5.0,6.0,11.0,0.0,,,,
TEL,PAM,5.0,0.0,5.0,1.0,,,,
TEL,PAN,10.0,5.0,15.0,1.0,,,,
TEL,PAR,6.0,1.0,7.0,1.0,,,,
TEL,RED,5.0,4.0,9.0,1.0,,,,
TEL,ROM,2.0,0.0,2.0,1.0,,,,
TEL,SAS,1.0,0.0,1.0,1.0,,,,
TEL,SIE,3.0,0.0,3.0,1.0,,,,
TEL,SOP,2.0,0.0,2.0,1.0,,,,
TEL,TEL,,,,,6.104347826086957,-3.3461538461538463,82.15217391304348,78.68376068376068
TEL,TIV,2.0,0.0,2.0,1.0,,,,
TEL,ULK,7.0,3.0,10.0,1.0,,,,
TEL,UNK,1.0,1.0,2.0,0.0,,,,
TEL,VIR,2.0,0.0,2.0,1.0,,,,
TEL,ZAL,10.0,2.0,12.0,1.0,,,,
TIV,BAR,3.0,1.0,4.0,1.0,,,,
TIV,BAS,1.0,0.0,1.0,1.0,,,,
TIV,CED,1.0,0.0,1.0,1.0,,,,
TIV,CSK,0.0,1.0,1.0,0.0,,,,
TIV,DAR,1.0,0.0,1.0,1.0,,,,
TIV,GAL,0.0,1.0,1.0,0.0,,,,
TIV,GSS,0.0,1.0,1.0,0.0,,,,
TIV,IST,1.0,0.0,1.0,1.0,,,,
TIV,KSK,1.0,0.0,1.0,1.0,,,,
TIV,LIE,1.0,0.0,1.0,1.0,,,,
TIV,MAD,0.0,1.0,1.0,0.0,,,,
TIV,MAL,1.0,0.0,1.0,1.0,,,,
TIV,MUN,1.0,0.0,1.0,1.0,,,,
TIV,PAN,2.0,1.0,3.0,1.0,,,,
TIV,PAR,1.0,0.0,1.0,1.0,,,,
TIV,RED,2.0,0.0,2.0,1.0,,,,
TIV,TEL,1.0,1.0,2.0,0.0,,,,
TIV,TIV,,,,,5.407407407407407,1.2857142857142858,74.55555555555556,78.64285714285714
TIV,ULK,0.0,1.0,1.0,0.0,,,,
TIV,ZAL,2.0,0.0,2.0,1.0,,,,
ULK,ARI,0.0,1.0,1.0,0.0,,,,
ULK,ASV,5.0,1.0,6.0,1.0,,,,
ULK,BAM,3.0,0.0,3.0,1.0,,,,
ULK,BAR,6.0,9.0,15.0,0.0,,,,
ULK,BAS,12.0,5.0,17.0,1.0,,,,
ULK,BER,5.0,1.0,6.0,1.0,,,,
ULK,BES,1.0,0.0,1.0,1.0,,,,
ULK,BIL,0.0,1.0,1.0,0.0,,,,
ULK,BUD,1.0,0.0,1.0,1.0,,,,
ULK,CAN,1.0,0.0,1.0,1.0,,,,
ULK,CED,1.0,0.0,1.0,1.0,,,,
ULK,CHO,1.0,0.0,1.0,1.0,,,,
ULK,CIB,2.0,1.0,3.0,1.0,,,,
ULK,CSK,3.0,7.0,10.0,0.0,,,,
ULK,CTU,2.0,0.0,2.0,1.0,,,,
ULK,DAR,2.0,1.0,3.0,1.0,,,,
ULK,DYR,1.0,1.0,2.0,0.0,,,,
ULK,GAL,1.0,0.0,1.0,1.0,,,,
ULK,IST,7.0,5.0,12.0,1.0,,,,
ULK,JOV,1.0,0.0,1.0,1.0,,,,
ULK,KHI,7.0,0.0,7.0,1.0,,,,
ULK,LIE,2.0,0.0,2.0,1.0,,,,
ULK,LJU,2.0,0.0,2.0,1.0,,,,
ULK,MAD,8.0,7.0,15.0,1.0,,,,
ULK,MAL,3.0,1.0,4.0,1.0,,,,
ULK,MCO,4.0,1.0,5.0,1.0,,,,
ULK,MIL,8.0,4.0,12.0,1.0,,,,
ULK,MUN,7.0,1.0,8.0,1.0,,,,
ULK,NAN,1.0,0.0,1.0,1.0,,,,
ULK,NIK,1.0,0.0,1.0,1.0,,,,
ULK,NOV,1.0,0.0,1.0,1.0,,,,
ULK,NTR,1.0,0.0,1.0,1.0,,,,
ULK,OLY,9.0,6.0,15.0,1.0,,,,
ULK,PAM,4.0,2.0,6.0,1.0,,,,
ULK,PAN,11.0,3.0,14.0,1.0,,,,
ULK,PAR,1.0,3.0,4.0,0.0,,,,
ULK,RED,8.0,1.0,9.0,1.0,,,,
ULK,ROA,1.0,0.0,1.0,1.0,,,,
ULK,ROM,2.0,0.0,2.0,1.0,,,,
ULK,SIE,1.0,4.0,5.0,0.0,,,,
ULK,STR,1.0,0.0,1.0,1.0,,,,
ULK,TEL,8.0,3.0,11.0,1.0,,,,
ULK,TIV,1.0,0.0,1.0,1.0,,,,
ULK,ULK,,,,,5.25531914893617,-2.094017094017094,81.00425531914894,77.02991452991454
ULK,UNK,2.0,1.0,3.0,1.0,,,,
ULK,VIR,2.0,0.0,2.0,1.0,,,,
ULK,ZAL,9.0,4.0,13.0,1.0,,,,
ULK,ZGO,1.0,0.0,1.0,1.0,,,,
UNK,BAM,1.0,0.0,1.0,1.0,,,,
UNK,BAR,1.0,3.0,4.0,0.0,,,,
UNK,BAS,1.0,1.0,2.0,0.0,,,,
UNK,BER,1.0,0.0,1.0,1.0,,,,
UNK,CSK,0.0,2.0,2.0,0.0,,,,
UNK,DAR,0.0,1.0,1.0,0.0,,,,
UNK,DYR,0.0,1.0,1.0,0.0,,,,
UNK,GAL,2.0,0.0,2.0,1.0,,,,
UNK,IST,2.0,1.0,3.0,1.0,,,,
UNK,LJU,1.0,0.0,1.0,1.0,,,,
UNK,MAD,1.0,2.0,3.0,0.0,,,,
UNK,MCO,0.0,1.0,1.0,0.0,,,,
UNK,MIL,3.0,0.0,3.0,1.0,,,,
UNK,MUN,1.0,0.0,1.0,1.0,,,,
UNK,NOV,0.0,1.0,1.0,0.0,,,,
UNK,OLY,0.0,2.0,2.0,0.0,,,,
UNK,PAN,1.0,1.0,2.0,0.0,,,,
UNK,RED,1.0,1.0,2.0,0.0,,,,
UNK,SAS,1.0,0.0,1.0,1.0,,,,
UNK,SIE,0.0,1.0,1.0,0.0,,,,
UNK,SOP,1.0,0.0,1.0,1.0,,,,
UNK,TEL,0.0,1.0,1.0,0.0,,,,
UNK,ULK,1.0,1.0,2.0,0.0,,,,
UNK,UNK,,,,,2.7142857142857144,-3.642857142857143,75.23809523809524,74.4047619047619
UNK,ZAL,2.0,1.0,3.0,1.0,,,,
VIR,ASV,1.0,1.0,2.0,0.0,,,,
VIR,BAR,1.0,1.0,2.0,0.0,,,,
VIR,BAS,1.0,2.0,3.0,0.0,,,,
VIR,BER,2.0,0.0,2.0,1.0,,,,
VIR,CSK,0.0,1.0,1.0,0.0,,,,
VIR,IST,1.0,1.0,2.0,0.0,,,,
VIR,LJU,1.0,0.0,1.0,1.0,,,,
VIR,MAD,0.0,2.0,2.0,0.0,,,,
VIR,MCO,0.0,2.0,2.0,0.0,,,,
VIR,MIL,2.0,0.0,2.0,1.0,,,,
VIR,MUN,2.0,0.0,2.0,1.0,,,,
VIR,OLY,1.0,2.0,3.0,0.0,,,,
VIR,PAM,2.0,0.0,2.0,1.0,,,,
VIR,PAN,1.0,1.0,2.0,0.0,,,,
VIR,PAR,1.0,1.0,2.0,0.0,,,,
VIR,RED,2.0,0.0,2.0,1.0,,,,
VIR,SIE,0.0,1.0,1.0,0.0,,,,
VIR,SOP,0.0,1.0,1.0,0.0,,,,
VIR,TEL,2.0,0.0,2.0,1.0,,,,
VIR,ULK,2.0,0.0,2.0,1.0,,,,
VIR,VIR,,,,,0.0975609756097561,-10.604651162790697,81.02439024390245,74.67441860465117
VIR,ZAL,1.0,2.0,3.0,0.0,,,,
ZAG,BAM,1.0,0.0,1.0,1.0,,,,
ZAG,CSK,0.0,1.0,1.0,0.0,,,,
ZAG,MAL,0.0,1.0,1.0,0.0,,,,
ZAG,PAN,0.0,1.0,1.0,0.0,,,,
ZAG,ZAG,,,,,-12.4,-17.4,68.4,75.2
ZAG,ZAL,1.0,0.0,1.0,1.0,,,,
ZAL,ASV,4.0,2.0,6.0,1.0,,,,
ZAL,BAM,6.0,0.0,6.0,1.0,,,,
ZAL,BAR,4.0,11.0,15.0,0.0,,,,
ZAL,BAS,7.0,5.0,12.0,1.0,,,,
ZAL,BER,6.0,1.0,7.0,1.0,,,,
ZAL,BUD,1.0,0.0,1.0,1.0,,,,
ZAL,CAN,1.0,0.0,1.0,1.0,,,,
ZAL,CED,1.0,0.0,1.0,1.0,,,,
ZAL,CIB,1.0,0.0,1.0,1.0,,,,
ZAL,CSK,2.0,9.0,11.0,0.0,,,,
ZAL,CTU,0.0,1.0,1.0,0.0,,,,
ZAL,DAR,1.0,1.0,2.0,0.0,,,,
ZAL,DYR,0.0,3.0,3.0,0.0,,,,
ZAL,GAL,2.0,1.0,3.0,1.0,,,,
ZAL,GSS,1.0,0.0,1.0,1.0,,,,
ZAL,IST,6.0,6.0,12.0,0.0,,,,
ZAL,KHI,3.0,3.0,6.0,0.0,,,,
ZAL,KSK,1.0,0.0,1.0,1.0,,,,
ZAL,LJU,1.0,0.0,1.0,1.0,,,,
ZAL,MAD,4.0,11.0,15.0,0.0,,,,
ZAL,MAL,4.0,0.0,4.0,1.0,,,,
ZAL,MCO,1.0,2.0,3.0,0.0,,,,
ZAL,MIL,7.0,3.0,10.0,1.0,,,,
ZAL,MUN,4.0,2.0,6.0,1.0,,,,
ZAL,NAN,1.0,0.0,1.0,1.0,,,,
ZAL,NOV,1.0,0.0,1.0,1.0,,,,
ZAL,OLY,8.0,7.0,15.0,1.0,,,,
ZAL,PAM,2.0,4.0,6.0,0.0,,,,
ZAL,PAN,7.0,6.0,13.0,1.0,,,,
ZAL,PAR,2.0,2.0,4.0,0.0,,,,
ZAL,RED,6.0,2.0,8.0,1.0,,,,
ZAL,SAS,1.0,0.0,1.0,1.0,,,,
ZAL,SIE,1.0,2.0,3.0,0.0,,,,
ZAL,SOP,4.0,0.0,4.0,1.0,,,,
ZAL,STR,1.0,0.0,1.0,1.0,,,,
ZAL,TEL,5.0,8.0,13.0,0.0,,,,
ZAL,TIV,0.0,2.0,2.0,0.0,,,,
ZAL,ULK,5.0,6.0,11.0,0.0,,,,
ZAL,UNK,1.0,2.0,3.0,0.0,,,,
ZAL,VIR,3.0,0.0,3.0,1.0,,,,
ZAL,ZAG,1.0,0.0,1.0,1.0,,,,
ZAL,ZAL,,,,,1.447488584474886,-5.695454545454545,78.17808219178082,74.65
ZGO,BAR,0.0,1.0,1.0,0.0,,,,
ZGO,MIL,0.0,1.0,1.0,0.0,,,,
ZGO,MUN,1.0,0.0,1.0,1.0,,,,
ZGO,PAN,0.0,1.0,1.0,0.0,,,,
ZGO,ULK,0.0,1.0,1.0,0.0,,,,
ZGO,ZGO,,,,,-11.6,-13.2,79.0,75.6
