game_id,game,date,time,round,phase,season_code,score_a,score_b,team_a,team_b,team_id_a,team_id_b,coach_a,coach_b,game_time,remaining_partial_time,referee_1,referee_2,referee_3,stadium,capacity,w_id,fouls_a,fouls_b,timeouts_a,timeouts_b,score_quarter_1_a,score_quarter_2_a,score_quarter_3_a,score_quarter_4_a,score_quarter_1_b,score_quarter_2_b,score_quarter_3_b,score_quarter_4_b,score_extra_time_1_a,score_extra_time_2_a,score_extra_time_3_a,score_extra_time_4_a,score_extra_time_1_b,score_extra_time_2_b,score_extra_time_3_b,score_extra_time_4_b
E2023_001,RED-ASV,2023-10-05,19:00:00,1,REGULAR SEASON,E2023,94,73,CRVENA ZVEZDA MERIDIANBET BELGRADE,LDLC ASVEL VILLEURBANNE,RED,ASV,"IVANOVIC, DUSKO","PARKER, TJ",40:00,00:00,"ROCHA, FERNANDO","PATERNICO, CARMELO","PASTUSIAK, PIOTR",STARK ARENA,18360,80,21,14,2,4,29,52,69,94,18,31,55,73,,,,,,,,
E2023_002,BAR-IST,2023-10-05,20:30:00,1,REGULAR SEASON,E2023,91,74,FC BARCELONA,ANADOLU EFES ISTANBUL,BAR,IST,"GRIMAU, ROGER","CAN, ERDEM",40:00,00:00,"RADOVIC, SRETEN","DIFALLAH, MEHDI","JOVCIC, MILIVOJE",PALAU BLAUGRANA,5577,80,15,15,2,4,22,40,69,91,19,34,64,74,,,,,,,,
E2023_003,MUN-BER,2023-10-05,20:30:00,1,REGULAR SEASON,E2023,80,68,FC BAYERN MUNICH,ALBA BERLIN,MUN,BER,"LASO, PABLO","GONZALEZ, ISRAEL",40:00,00:00,"GARCIA, JUAN CARLOS","LATISEVS, OLEGS","SUKYS, ARTURAS",BMW PARK,6057,80,21,17,2,3,19,36,61,80,17,44,51,68,,,,,,,,
E2023_004,TEL-PAR,2023-10-05,20:05:00,1,REGULAR SEASON,E2023,96,81,MACCABI PLAYTIKA TEL AVIV,PARTIZAN MOZZART BET BELGRADE,TEL,PAR,"KATTASH, ODED","OBRADOVIC, ZELJKO",40:00,00:00,"PEREZ, MIGUEL ANGEL","VILIUS, GYTIS","KARDUM, LUKA",MENORA MIVTACHIM ARENA,10559,80,19,18,2,5,27,55,74,96,16,43,58,81,,,,,,,,
E2023_005,VIR-ZAL,2023-10-05,20:30:00,1,REGULAR SEASON,E2023,79,82,VIRTUS SEGAFREDO BOLOGNA,ZALGIRIS KAUNAS,VIR,ZAL,"BANCHI, LUCA","MAKSVYTIS, KAZYS",40:00,00:00,"BOLTAUZER, MATEJ","PANTHER, ANNE","SILVA, SERGIO",PALADOZZA,4827,80,18,19,5,5,23,42,65,79,15,37,58,82,,,,,,,,
E2023_006,ULK-MIL,2023-10-06,19:45:00,1,REGULAR SEASON,E2023,85,82,FENERBAHCE BEKO ISTANBUL,EA7 EMPORIO ARMANI MILAN,ULK,MIL,"ITOUDIS, DIMITRIS","MESSINA, ETTORE",45:00,00:00,"PUKL,SASA","PERUGA, CARLOS","NIKOLIC, UROS",ULKER SPORTS AND EVENT HALL,10211,90,23,16,4,5,19,38,62,76,23,35,54,76,85.0,,,,82.0,,,
E2023_007,PAN-OLY,2023-10-06,20:15:00,1,REGULAR SEASON,E2023,78,88,PANATHINAIKOS ATHENS,OLYMPIACOS PIRAEUS,PAN,OLY,"ATAMAN, ERGIN","BARTZOKAS, GEORGIOS",45:00,00:00,"LOTTERMOSER, ROBERT","PEREZ, EMILIO","NEDOVIC, MILAN",OAKA Altion,17810,90,17,20,4,4,22,43,59,74,23,36,52,74,78.0,,,,88.0,,,
E2023_008,BAS-MAD,2023-10-06,20:30:00,1,REGULAR SEASON,E2023,77,79,BASKONIA VITORIA-GASTEIZ,REAL MADRID,BAS,MAD,"PENARROYA, JOAN","MATEO, CHUS",40:00,00:00,"BELOSEVIC, ILIJA","MOGULKOC, EMIN","RACYS, SAULIUS",BUESA ARENA,14017,80,15,23,4,4,23,47,67,77,19,43,62,79,,,,,,,,
E2023_009,PAM-MCO,2023-10-06,20:30:00,1,REGULAR SEASON,E2023,70,65,VALENCIA BASKET,AS MONACO,PAM,MCO,"MUMBRU, ALEX","OBRADOVIC, SASA",40:00,00:00,"JAVOR, DAMIR","HORDOV, TOMISLAV","PEERANDI, RAIN",PABELLON FUENTE DE SAN LUIS,6927,80,22,20,4,5,17,39,53,70,20,38,51,65,,,,,,,,
E2023_010,BER-BAS,2023-10-12,20:00:00,2,REGULAR SEASON,E2023,86,91,ALBA BERLIN,BASKONIA VITORIA-GASTEIZ,BER,BAS,"GONZALEZ, ISRAEL","PENARROYA, JOAN",40:00,00:00,"ROCHA, FERNANDO","KOLJENSIC, MILOS","TRAWICKI, TOMASZ",MERCEDES-BENZ ARENA,7766,80,19,17,5,4,21,47,61,86,25,51,76,91,,,,,,,,
E2023_011,IST-MAD,2023-10-12,19:30:00,2,REGULAR SEASON,E2023,80,103,ANADOLU EFES ISTANBUL,REAL MADRID,IST,MAD,"CAN, ERDEM","MATEO, CHUS",40:00,00:00,"BOLTAUZER, MATEJ","NIKOLIC, UROS","BISSANG, JOSEPH",SINAN ERDEM SPORTS HALL,15012,80,20,16,5,3,24,41,60,80,26,55,80,103,,,,,,,,
E2023_012,MIL-TEL,2023-10-31,20:30:00,2,REGULAR SEASON,E2023,90,98,EA7 EMPORIO ARMANI MILAN,MACCABI PLAYTIKA TEL AVIV,MIL,TEL,"MESSINA, ETTORE","KATTACHE, DAVID ODED",40:00,00:00,"JAVOR, DAMIR","PANTHER, ANNE","KOWALSKI, MARCIN",MEDIOLANUM FORUM ,8225,80,23,20,4,3,32,52,72,90,25,50,75,98,,,,,,,,
E2023_013,PAN-MUN,2023-10-12,20:15:00,2,REGULAR SEASON,E2023,78,71,PANATHINAIKOS ATHENS,FC BAYERN MUNICH,PAN,MUN,"ATAMAN, HALIL ERGIN","LASO BIURRUN, PABLO",40:00,00:00,"BELOSEVIC, ILIJA","PERUGA, CARLOS","MAJKIC, MARIO",OAKA Altion,8352,80,16,20,5,4,23,37,54,78,11,30,48,71,,,,,,,,
E2023_014,ASV-PAR,2023-10-12,20:00:00,2,REGULAR SEASON,E2023,62,88,LDLC ASVEL VILLEURBANNE,PARTIZAN MOZZART BET BELGRADE,ASV,PAR,"PARKER, TJ","OBRADOVIC, ZELJKO",40:00,00:00,"LOTTERMOSER, ROBERT","MOGULKOC, EMIN","RADOJKOVIC, JOSIP",ASTROBALLE,5437,80,17,19,4,2,13,29,48,62,17,43,72,88,,,,,,,,
E2023_015,MCO-VIR,2023-10-13,19:00:00,2,REGULAR SEASON,E2023,59,83,AS MONACO,VIRTUS SEGAFREDO BOLOGNA,MCO,VIR,"OBRADOVIC, SASA","BANCHI, LUCA",40:00,00:00,"RADOVIC, SRETEN","LATISEVS, OLEGS","ALIAGA, JORDI",SALLE GASTON MEDECIN,4010,80,19,27,3,2,15,33,48,59,23,48,70,83,,,,,,,,
E2023_016,OLY-BAR,2023-10-13,20:15:00,2,REGULAR SEASON,E2023,68,77,OLYMPIACOS PIRAEUS,FC BARCELONA,OLY,BAR,"BARTZOKAS, GEORGIOS","GRIMAU GRAGERA, ROGER",40:00,00:00,"PUKL,SASA","VILIUS, GYTIS","SILVA, SERGIO",PEACE AND FRIENDSHIP STADIUM,12168,80,16,15,4,5,16,34,54,68,23,40,56,77,,,,,,,,
E2023_017,PAM-ULK,2023-10-13,20:30:00,2,REGULAR SEASON,E2023,77,74,VALENCIA BASKET,FENERBAHCE BEKO ISTANBUL,PAM,ULK,"MUMBRU, ALEX","ITOUDIS, DIMITRIS",40:00,00:00,"JOVCIC, MILIVOJE","PANTHER, ANNE","ZAMOJSKI, JAKUB",PABELLON FUENTE DE SAN LUIS,7037,80,21,27,3,5,22,39,58,77,9,33,53,74,,,,,,,,
E2023_018,ZAL-RED,2023-10-13,19:00:00,2,REGULAR SEASON,E2023,79,74,ZALGIRIS KAUNAS,CRVENA ZVEZDA MERIDIANBET BELGRADE,ZAL,RED,"MAKSVYTIS, KAZYS","IVANOVIC, DUSKO",40:00,00:00,"DIFALLAH, MEHDI","NEDOVIC, MILAN","CORTES, CARLOS",ZALGIRIO ARENA,15044,80,22,21,2,5,19,35,50,79,21,38,56,74,,,,,,,,
E2023_019,IST-ASV,2023-10-17,19:30:00,3,REGULAR SEASON,E2023,89,84,ANADOLU EFES ISTANBUL,LDLC ASVEL VILLEURBANNE,IST,ASV,"CAN, ERDEM","PARKER, TJ",40:00,00:00,"PEREZ, EMILIO","PETEK, SASO","KONSTANTINOVS, KRISTAPS",SINAN ERDEM SPORTS HALL,7816,80,20,19,2,5,24,43,70,89,24,35,56,84,,,,,,,,
E2023_020,MIL-OLY,2023-10-17,20:45:00,3,REGULAR SEASON,E2023,65,53,EA7 EMPORIO ARMANI MILAN,OLYMPIACOS PIRAEUS,MIL,OLY,"MESSINA, ETTORE","BARTZOKAS, GEORGIOS",40:00,00:00,"BOLTAUZER, MATEJ","LEZCANO, LEANDRO","CORTES, CARLOS",MEDIOLANUM FORUM ,10043,80,21,18,2,4,19,31,44,65,17,32,41,53,,,,,,,,
E2023_021,ULK-PAN,2023-10-17,19:15:00,3,REGULAR SEASON,E2023,83,69,FENERBAHCE BEKO ISTANBUL,PANATHINAIKOS ATHENS,ULK,PAN,"ITOUDIS, DIMITRIS","ATAMAN, ERGIN",40:00,00:00,"RADOVIC, SRETEN","PATERNICO, CARMELO","CICI, GENTIAN",ULKER SPORTS AND EVENT HALL,11115,80,22,17,2,2,27,43,67,83,9,28,45,69,,,,,,,,
E2023_022,PAR-BAR,2023-10-17,18:30:00,3,REGULAR SEASON,E2023,83,92,PARTIZAN MOZZART BET BELGRADE,FC BARCELONA,PAR,BAR,"OBRADOVIC, ZELJKO","GRIMAU, ROGER",40:00,00:00,"ROCHA, FERNANDO","PASTUSIAK, PIOTR","SUKYS, ARTURAS",STARK ARENA,19227,80,20,23,5,4,16,34,60,83,23,44,69,92,,,,,,,,
E2023_023,MAD-ZAL,2023-10-17,20:45:00,3,REGULAR SEASON,E2023,93,79,REAL MADRID,ZALGIRIS KAUNAS,MAD,ZAL,"MATEO, CHUS","MAKSVYTIS, KAZYS",40:00,00:00,"JAVOR, DAMIR","JOVCIC, MILIVOJE","KOLJENSIC, MILOS",WIZINK CENTER,6778,80,18,19,1,5,25,53,72,93,19,43,62,79,,,,,,,,
E2023_024,BAS-MUN,2023-10-17,20:30:00,3,REGULAR SEASON,E2023,68,76,BASKONIA VITORIA-GASTEIZ,FC BAYERN MUNICH,BAS,MUN,"PENARROYA, JOAN","LASO, PABLO",40:00,00:00,"DIFALLAH, MEHDI","FOUFIS, IOANNIS","RADOJKOVIC, JOSIP",BUESA ARENA,7542,80,20,18,4,3,22,42,62,68,20,41,57,76,,,,,,,,
E2023_025,RED-MCO,2023-10-18,20:00:00,3,REGULAR SEASON,E2023,76,82,CRVENA ZVEZDA MERIDIANBET BELGRADE,AS MONACO,RED,MCO,"IVANOVIC, DUSKO","OBRADOVIC, SASA",40:00,00:00,"PUKL,SASA","RACYS, SAULIUS","KARDUM, LUKA",STARK ARENA,19123,80,20,21,4,4,23,44,63,76,14,38,64,82,,,,,,,,
E2023_026,PAM-TEL,2023-10-18,20:30:00,3,REGULAR SEASON,E2023,75,66,VALENCIA BASKET,MACCABI PLAYTIKA TEL AVIV,PAM,TEL,"MUMBRU, ALEX","KATTASH, ODED",40:00,00:00,"BELOSEVIC, ILIJA","ROSSI, MICHELE","TSAROUCHA, VASILIKI",PABELLON FUENTE DE SAN LUIS,2809,80,19,19,1,3,18,33,50,75,17,29,44,66,,,,,,,,
E2023_027,VIR-BER,2023-10-18,20:30:00,3,REGULAR SEASON,E2023,87,76,VIRTUS SEGAFREDO BOLOGNA,ALBA BERLIN,VIR,BER,"BANCHI, LUCA","GONZALEZ, ISRAEL",40:00,00:00,"MOGULKOC, EMIN","BISSANG, JOSEPH","BALAK, AMIT",PALADOZZA,4888,80,16,17,3,2,27,44,67,87,11,26,51,76,,,,,,,,
E2023_028,ULK-ASV,2023-10-19,19:45:00,4,REGULAR SEASON,E2023,101,86,FENERBAHCE BEKO ISTANBUL,LDLC ASVEL VILLEURBANNE,ULK,ASV,"ITOUDIS, DIMITRIS","PARKER, TJ",40:00,00:00,"BOLTAUZER, MATEJ","TRAWICKI, TOMASZ","BAENA, ALBERTO",ULKER SPORTS AND EVENT HALL,7251,80,18,20,2,5,16,42,72,101,28,55,70,86,,,,,,,,
E2023_029,OLY-PAR,2023-10-19,20:15:00,4,REGULAR SEASON,E2023,98,94,OLYMPIACOS PIRAEUS,PARTIZAN MOZZART BET BELGRADE,OLY,PAR,"BARTZOKAS, GEORGIOS","OBRADOVIC, ZELIMIR",45:00,00:00,"PATERNICO, CARMELO","ALIAGA, JORDI","MAJKIC, MARIO",PEACE AND FRIENDSHIP STADIUM,11579,90,22,32,4,6,28,49,59,85,21,43,69,85,98.0,,,,94.0,,,
E2023_030,MAD-MIL,2023-10-19,20:45:00,4,REGULAR SEASON,E2023,88,71,REAL MADRID,EA7 EMPORIO ARMANI MILAN,MAD,MIL,"MATEO, CHUS","MESSINA, ETTORE",40:00,00:00,"RADOVIC, SRETEN","VILIUS, GYTIS","PETEK, SASO",WIZINK CENTER,7657,80,23,20,3,4,19,42,67,88,25,42,61,71,,,,,,,,
E2023_031,BAS-ZAL,2023-10-19,20:30:00,4,REGULAR SEASON,E2023,82,99,BASKONIA VITORIA-GASTEIZ,ZALGIRIS KAUNAS,BAS,ZAL,"PENARROYA, JOAN","MAKSVYTIS, KAZYS",40:00,00:00,"PASTUSIAK, PIOTR","KOWALSKI, MARCIN","PEER, ADAR",BUESA ARENA,7719,80,20,24,5,3,14,39,61,82,22,46,74,99,,,,,,,,
E2023_032,IST-PAM,2023-10-20,19:30:00,4,REGULAR SEASON,E2023,77,73,ANADOLU EFES ISTANBUL,VALENCIA BASKET,IST,PAM,"CAN, ERDEM","MUMBRU, ALEX",40:00,00:00,"ROCHA, FERNANDO","LATISEVS, OLEGS","BISSUEL, THOMAS",SINAN ERDEM SPORTS HALL,11892,80,15,22,4,4,18,38,57,77,15,40,53,73,,,,,,,,
E2023_033,MCO-BER,2023-10-20,19:00:00,4,REGULAR SEASON,E2023,86,75,AS MONACO,ALBA BERLIN,MCO,BER,"OBRADOVIC, SASA","GONZALEZ, ISRAEL",40:00,00:00,"PEREZ, MIGUEL ANGEL","SHEMMESH, SEFFI","HALLIKO, AARE",SALLE GASTON MEDECIN,3907,80,16,14,4,3,18,47,67,86,16,40,56,75,,,,,,,,
E2023_034,BAR-MUN,2023-10-20,20:30:00,4,REGULAR SEASON,E2023,98,59,FC BARCELONA,FC BAYERN MUNICH,BAR,MUN,"GRIMAU, ROGER","LASO, PABLO",40:00,00:00,"HORDOV, TOMISLAV","UDYANSKYY, EDUARD","OBRKNEZEVIC, UROS",PALAU BLAUGRANA,6519,80,18,22,1,1,27,43,70,98,11,27,40,59,,,,,,,,
E2023_035,PAN-TEL,2023-10-20,20:15:00,4,REGULAR SEASON,E2023,81,86,PANATHINAIKOS ATHENS,MACCABI PLAYTIKA TEL AVIV,PAN,TEL,"ATAMAN, HALIL ERGIN","KATTASHE, DAVID ODED",45:00,00:00,"LOTTERMOSER, ROBERT","NIKOLIC, UROS","PEERANDI, RAIN",OAKA Altion,6451,90,18,29,5,4,15,24,49,72,20,39,57,72,81.0,,,,86.0,,,
E2023_036,VIR-RED,2023-10-20,20:30:00,4,REGULAR SEASON,E2023,85,79,VIRTUS SEGAFREDO BOLOGNA,CRVENA ZVEZDA MERIDIANBET BELGRADE,VIR,RED,"BANCHI, LUCA","IVANOVIC, DUSKO",40:00,00:00,"PERUGA, CARLOS","DRAGOJEVIC, IGOR","THEPENIER, HUGUES",PALADOZZA,5369,80,25,21,4,5,26,44,62,85,15,33,55,79,,,,,,,,
E2023_037,BER-MIL,2023-10-26,20:00:00,5,REGULAR SEASON,E2023,85,82,ALBA BERLIN,EA7 EMPORIO ARMANI MILAN,BER,MIL,"GONZALEZ, ISRAEL","MESSINA, ETTORE",40:00,00:00,"PEREZ, EMILIO","DRAGOJEVIC, IGOR","HADZIC, DENIS",MERCEDES-BENZ ARENA,9113,80,17,20,1,5,12,35,57,85,18,37,61,82,,,,,,,,
E2023_038,OLY-IST,2023-10-26,21:00:00,5,REGULAR SEASON,E2023,75,57,OLYMPIACOS PIRAEUS,ANADOLU EFES ISTANBUL,OLY,IST,"BARTZOKAS, GEORGIOS","CAN, ERDEM",40:00,00:00,"GARCIA, JUAN CARLOS","DIFALLAH, MEHDI","KOLJENSIC, MILOS",PEACE AND FRIENDSHIP STADIUM,12197,80,15,17,1,4,17,33,61,75,14,25,43,57,,,,,,,,
E2023_039,PAR-RED,2023-10-26,18:30:00,5,REGULAR SEASON,E2023,88,86,PARTIZAN MOZZART BET BELGRADE,CRVENA ZVEZDA MERIDIANBET BELGRADE,PAR,RED,"OBRADOVIC, ZELJKO","SFAIROPOULOS, IOANNIS",40:00,00:00,"PEREZ, MIGUEL ANGEL","VILIUS, GYTIS","PEERANDI, RAIN",STARK ARENA,20039,80,18,21,5,5,22,42,53,88,13,42,65,86,,,,,,,,
E2023_040,MAD-BAR,2023-10-26,20:45:00,5,REGULAR SEASON,E2023,65,64,REAL MADRID,FC BARCELONA,MAD,BAR,"MATEO, CHUS","GRIMAU, ROGER",40:00,00:00,"BELOSEVIC, ILIJA","NEDOVIC, MILAN","KARDUM, LUKA",WIZINK CENTER,11432,80,25,22,5,5,12,28,51,65,19,30,41,64,,,,,,,,
E2023_041,MCO-TEL,2023-10-26,21:00:00,5,REGULAR SEASON,E2023,107,79,AS MONACO,MACCABI PLAYTIKA TEL AVIV,MCO,TEL,"OBRADOVIC, SASA","KATTASH, ODED",40:00,00:00,"PERUGA, CARLOS","PASTUSIAK, PIOTR","SUKYS, ARTURAS",SALLE GASTON MEDECIN,3921,80,19,19,3,3,27,52,85,107,23,38,57,79,,,,,,,,
E2023_042,ASV-VIR,2023-10-27,20:00:00,5,REGULAR SEASON,E2023,84,87,LDLC ASVEL VILLEURBANNE,VIRTUS SEGAFREDO BOLOGNA,ASV,VIR,"POZZECCO, GIANMARCO","BANCHI, LUCA",40:00,00:00,"PUKL,SASA","ZAMOJSKI, JAKUB","LEZCANO, LEANDRO",ASTROBALLE,5560,80,14,21,2,4,18,42,63,84,21,39,65,87,,,,,,,,
E2023_043,MUN-ULK,2023-10-27,20:30:00,5,REGULAR SEASON,E2023,67,76,FC BAYERN MUNICH,FENERBAHCE BEKO ISTANBUL,MUN,ULK,"LASO, PABLO","ITOUDIS, DIMITRIS",40:00,00:00,"LATISEVS, OLEGS","ALIAGA, JORDI","VAN DEN BROECK, NICK",BMW PARK,6500,80,22,21,5,3,20,38,47,67,19,41,55,76,,,,,,,,
E2023_044,PAN-BAS,2023-10-27,20:15:00,5,REGULAR SEASON,E2023,95,81,PANATHINAIKOS ATHENS,BASKONIA VITORIA-GASTEIZ,PAN,BAS,"ATAMAN, HALIL ERGIN","PENARROYA RODRIGUEZ, JUAN",40:00,00:00,"JAVOR, DAMIR","HORDOV, TOMISLAV","BOUBERT, MAXIME",OAKA Altion,8371,80,18,21,3,5,24,48,70,95,22,43,66,81,,,,,,,,
E2023_045,ZAL-PAM,2023-10-27,19:00:00,5,REGULAR SEASON,E2023,72,87,ZALGIRIS KAUNAS,VALENCIA BASKET,ZAL,PAM,"MAKSVYTIS, KAZYS","MUMBRU, ALEX",40:00,00:00,"MOGULKOC, EMIN","PANTHER, ANNE","CELIK, HUSEYIN",ZALGIRIO ARENA,15073,80,17,19,4,4,12,30,53,72,20,52,72,87,,,,,,,,
E2023_046,MIL-MCO,2023-11-02,20:30:00,6,REGULAR SEASON,E2023,66,72,EA7 EMPORIO ARMANI MILAN,AS MONACO,MIL,MCO,"MESSINA, ETTORE","OBRADOVIC, SASA",40:00,00:00,"GARCIA, JUAN CARLOS","PEERANDI, RAIN","MAJKIC, MARIO",MEDIOLANUM FORUM ,8966,80,21,22,4,4,18,37,48,66,13,35,52,72,,,,,,,,
E2023_047,RED-MUN,2023-11-02,18:30:00,6,REGULAR SEASON,E2023,74,68,CRVENA ZVEZDA MERIDIANBET BELGRADE,FC BAYERN MUNICH,RED,MUN,"SFAIROPOULOS, IOANNIS","LASO, PABLO",40:00,00:00,"PEREZ, EMILIO","ROSSI, MICHELE","SILVA, SERGIO",STARK ARENA,18130,80,17,20,4,4,12,33,53,74,19,35,59,68,,,,,,,,
E2023_048,TEL-MAD,2023-11-28,20:15:00,6,REGULAR SEASON,E2023,70,99,MACCABI PLAYTIKA TEL AVIV,REAL MADRID,TEL,MAD,"KATTASH, ODED","MATEO, CHUS",40:00,00:00,"BOLTAUZER, MATEJ","DIFALLAH, MEHDI","FOUFIS, IOANNIS",ALEKSANDAR NIKOLIC HALL,0,80,16,18,4,1,21,41,56,70,36,52,74,99,,,,,,,,
E2023_049,ZAL-ASV,2023-11-02,19:00:00,6,REGULAR SEASON,E2023,88,91,ZALGIRIS KAUNAS,LDLC ASVEL VILLEURBANNE,ZAL,ASV,"MAKSVYTIS, KAZYS","POZZECCO, GIANMARCO",40:00,00:00,"PATERNICO, CARMELO","SHEMMESH, SEFFI","CLIVAZ, SEBASTIEN",ZALGIRIO ARENA,14848,80,22,18,5,3,30,56,80,88,24,50,72,91,,,,,,,,
E2023_050,ULK-OLY,2023-11-02,18:45:00,6,REGULAR SEASON,E2023,79,77,FENERBAHCE BEKO ISTANBUL,OLYMPIACOS PIRAEUS,ULK,OLY,"ITOUDIS, DIMITRIS","BARTZOKAS, GEORGIOS",40:00,00:00,"ROCHA, FERNANDO","NIKOLIC, UROS","PETEK, SASO",ULKER SPORTS AND EVENT HALL,10951,80,22,19,4,4,29,46,58,79,14,33,57,77,,,,,,,,
E2023_051,BAR-PAN,2023-11-03,20:30:00,6,REGULAR SEASON,E2023,80,72,FC BARCELONA,PANATHINAIKOS ATHENS,BAR,PAN,"GRIMAU, ROGER","ATAMAN, ERGIN",40:00,00:00,"RADOVIC, SRETEN","LATISEVS, OLEGS","BISSANG, JOSEPH",PALAU BLAUGRANA,7225,80,18,19,3,2,21,45,71,80,20,33,47,72,,,,,,,,
E2023_052,BAS-PAR,2023-11-03,20:30:00,6,REGULAR SEASON,E2023,84,83,BASKONIA VITORIA-GASTEIZ,PARTIZAN MOZZART BET BELGRADE,BAS,PAR,"IVANOVIC, DUSKO","OBRADOVIC, ZELJKO",40:00,00:00,"LOTTERMOSER, ROBERT","NEDOVIC, MILAN","LAURINAVICIUS, JURGIS",BUESA ARENA,9210,80,20,24,5,5,23,48,63,84,23,42,66,83,,,,,,,,
E2023_053,PAM-BER,2023-11-02,20:30:00,6,REGULAR SEASON,E2023,79,71,VALENCIA BASKET,ALBA BERLIN,PAM,BER,"MUMBRU, ALEX","GONZALEZ, ISRAEL",40:00,00:00,"HORDOV, TOMISLAV","VYKLICKY, ROBERT","UDYANSKYY, EDUARD",PABELLON FUENTE DE SAN LUIS,6351,80,20,17,2,1,15,41,56,79,14,39,54,71,,,,,,,,
E2023_054,VIR-IST,2023-11-03,20:30:00,6,REGULAR SEASON,E2023,93,81,VIRTUS SEGAFREDO BOLOGNA,ANADOLU EFES ISTANBUL,VIR,IST,"BANCHI, LUCA","CAN, ERDEM",40:00,00:00,"PEREZ, MIGUEL ANGEL","RACYS, SAULIUS","POROBIC, DRAGAN",VIRTUS SEGAFREDO ARENA,0,80,23,23,2,5,20,41,69,93,18,45,62,81,,,,,,,,
E2023_055,IST-ZAL,2023-11-09,18:30:00,7,REGULAR SEASON,E2023,86,82,ANADOLU EFES ISTANBUL,ZALGIRIS KAUNAS,IST,ZAL,"CAN, ERDEM","MAKSVYTIS, KAZYS",45:00,00:00,"PEREZ, EMILIO","CORTES, CARLOS","JURAS, MARKO",SINAN ERDEM SPORTS HALL,10938,90,17,22,5,5,13,38,51,74,14,26,46,74,86.0,,,,82.0,,,
E2023_056,MIL-PAM,2023-11-09,20:30:00,7,REGULAR SEASON,E2023,83,52,EA7 EMPORIO ARMANI MILAN,VALENCIA BASKET,MIL,PAM,"MESSINA, ETTORE","MUMBRU MURCIA, ALEX",40:00,00:00,"LOTTERMOSER, ROBERT","PASTUSIAK, PIOTR","GORDON, NOAM",MEDIOLANUM FORUM ,8860,80,16,19,1,4,23,44,64,83,12,31,39,52,,,,,,,,
E2023_057,TEL-MUN,2023-11-09,20:05:00,7,REGULAR SEASON,E2023,93,90,MACCABI PLAYTIKA TEL AVIV,FC BAYERN MUNICH,TEL,MUN,"KATTASH, ODED","LASO, PABLO",40:00,00:00,"PUKL,SASA","TRAWICKI, TOMASZ","CELIK, HUSEYIN",ALEKSANDAR NIKOLIC HALL,0,80,21,23,3,4,17,46,71,93,19,44,63,90,,,,,,,,
E2023_058,PAR-ULK,2023-11-09,20:30:00,7,REGULAR SEASON,E2023,85,84,PARTIZAN MOZZART BET BELGRADE,FENERBAHCE BEKO ISTANBUL,PAR,ULK,"OBRADOVIC, ZELJKO","ITOUDIS, DIMITRIS",40:00,00:00,"PERUGA, CARLOS","KOWALSKI, MARCIN","BISSUEL, THOMAS",STARK ARENA,20058,80,21,18,4,5,23,47,63,85,27,56,69,84,,,,,,,,
E2023_059,MAD-VIR,2023-11-09,20:45:00,7,REGULAR SEASON,E2023,100,74,REAL MADRID,VIRTUS SEGAFREDO BOLOGNA,MAD,VIR,"MATEO, CHUS","BANCHI, LUCA",40:00,00:00,"SHEMMESH, SEFFI","KOLJENSIC, MILOS","BITTNER, STEVE",WIZINK CENTER,8693,80,21,28,1,4,26,53,68,100,27,37,51,74,,,,,,,,
E2023_060,OLY-BAS,2023-11-09,18:15:00,7,REGULAR SEASON,E2023,74,75,OLYMPIACOS PIRAEUS,BASKONIA VITORIA-GASTEIZ,OLY,BAS,"BARTZOKAS, GEORGIOS","IVANOVIC, DUSKO",40:00,00:00,"BELOSEVIC, ILIJA","ZAMOJSKI, JAKUB","KONSTANTINOVS, KRISTAPS",PEACE AND FRIENDSHIP STADIUM,8127,80,17,12,4,5,26,35,60,74,20,50,67,75,,,,,,,,
E2023_061,BER-PAN,2023-11-10,20:00:00,7,REGULAR SEASON,E2023,85,99,ALBA BERLIN,PANATHINAIKOS ATHENS,BER,PAN,"GONZALEZ, ISRAEL","ATAMAN, ERGIN",40:00,00:00,"NEDOVIC, MILAN","KARDUM, LUKA","BAENA, ALBERTO",MERCEDES-BENZ ARENA,13247,80,21,17,3,2,26,47,70,85,27,60,82,99,,,,,,,,
E2023_062,MCO-ASV,2023-11-10,21:00:00,7,REGULAR SEASON,E2023,80,70,AS MONACO,LDLC ASVEL VILLEURBANNE,MCO,ASV,"OBRADOVIC, SASA","POZZECCO, GIANMARCO",40:00,00:00,"MOGULKOC, EMIN","CICI, GENTIAN","GIOVANNETTI, GUIDO",SALLE GASTON MEDECIN,4475,80,15,14,2,4,14,41,57,80,23,37,61,70,,,,,,,,
E2023_063,BAR-RED,2023-11-10,20:30:00,7,REGULAR SEASON,E2023,86,81,FC BARCELONA,CRVENA ZVEZDA MERIDIANBET BELGRADE,BAR,RED,"GRIMAU, ROGER","SFAIROPOULOS, IOANNIS",40:00,00:00,"JAVOR, DAMIR","PATERNICO, CARMELO","VYKLICKY, ROBERT",PALAU BLAUGRANA,5473,80,17,18,4,5,21,47,65,86,18,43,62,81,,,,,,,,
E2023_064,MCO-IST,2023-11-14,19:00:00,8,REGULAR SEASON,E2023,82,89,AS MONACO,ANADOLU EFES ISTANBUL,MCO,IST,"OBRADOVIC, SASA","CAN, ERDEM",40:00,00:00,"PUKL,SASA","KARDUM, LUKA","UDYANSKYY, EDUARD",SALLE GASTON MEDECIN,3911,80,16,22,5,4,25,44,66,82,28,48,69,89,,,,,,,,
E2023_065,RED-ULK,2023-11-14,20:45:00,8,REGULAR SEASON,E2023,87,56,CRVENA ZVEZDA MERIDIANBET BELGRADE,FENERBAHCE BEKO ISTANBUL,RED,ULK,"SFAIROPOULOS, IOANNIS","ITOUDIS, DIMITRIS",40:00,00:00,"DIFALLAH, MEHDI","NEDOVIC, MILAN","GIOVANNETTI, GUIDO",STARK ARENA,19637,80,15,17,1,4,25,45,60,87,16,26,40,56,,,,,,,,
E2023_066,TEL-OLY,2023-11-14,20:05:00,8,REGULAR SEASON,E2023,74,79,MACCABI PLAYTIKA TEL AVIV,OLYMPIACOS PIRAEUS,TEL,OLY,"KATTASH, ODED","BARTZOKAS, GEORGIOS",40:00,00:00,"LOTTERMOSER, ROBERT","RACYS, SAULIUS","PEERANDI, RAIN",ALEKSANDAR NIKOLIC HALL,0,80,21,21,4,3,19,36,55,74,27,51,64,79,,,,,,,,
E2023_067,PAM-MAD,2023-11-14,20:30:00,8,REGULAR SEASON,E2023,73,76,VALENCIA BASKET,REAL MADRID,PAM,MAD,"MUMBRU, ALEX","MATEO, CHUS",40:00,00:00,"RADOVIC, SRETEN","LAURINAVICIUS, JURGIS","HALLIKO, AARE",PABELLON FUENTE DE SAN LUIS,7997,80,22,15,5,2,26,49,62,73,24,43,63,76,,,,,,,,
E2023_068,VIR-MIL,2023-11-14,20:30:00,8,REGULAR SEASON,E2023,86,79,VIRTUS SEGAFREDO BOLOGNA,EA7 EMPORIO ARMANI MILAN,VIR,MIL,"BANCHI, LUCA","MESSINA, ETTORE",40:00,00:00,"PERUGA, CARLOS","SUKYS, ARTURAS","ALIAGA, JORDI",VIRTUS SEGAFREDO ARENA,8481,80,15,17,4,5,21,45,65,86,26,40,63,79,,,,,,,,
E2023_069,BER-ASV,2023-11-15,20:00:00,8,REGULAR SEASON,E2023,68,73,ALBA BERLIN,LDLC ASVEL VILLEURBANNE,BER,ASV,"GONZALEZ, ISRAEL","POZZECCO, GIANMARCO",40:00,00:00,"JOVCIC, MILIVOJE","FOUFIS, IOANNIS","BALAK, AMIT",MERCEDES-BENZ ARENA,6561,80,24,16,4,3,13,35,55,68,28,43,53,73,,,,,,,,
E2023_070,MUN-PAR,2023-11-15,20:30:00,8,REGULAR SEASON,E2023,94,85,FC BAYERN MUNICH,PARTIZAN MOZZART BET BELGRADE,MUN,PAR,"LASO, PABLO","OBRADOVIC, ZELJKO",40:00,00:00,"ROCHA, FERNANDO","HORDOV, TOMISLAV","KONSTANTINOVS, KRISTAPS",BMW PARK,6500,80,25,23,3,5,25,53,70,94,32,51,63,85,,,,,,,,
E2023_071,PAN-ZAL,2023-11-15,20:15:00,8,REGULAR SEASON,E2023,73,71,PANATHINAIKOS ATHENS,ZALGIRIS KAUNAS,PAN,ZAL,"ATAMAN, HALIL ERGIN","MAKSVYTIS, KAZYS",40:00,00:00,"GARCIA, JUAN CARLOS","KOLJENSIC, MILOS","ROSSI, MICHELE",OAKA Altion,11125,80,18,29,1,3,13,36,53,73,15,39,52,71,,,,,,,,
E2023_072,BAS-BAR,2023-11-15,20:30:00,8,REGULAR SEASON,E2023,94,71,BASKONIA VITORIA-GASTEIZ,FC BARCELONA,BAS,BAR,"IVANOVIC, DUSKO","GRIMAU, ROGER",40:00,00:00,"MOGULKOC, EMIN","PETEK, SASO","BOUBERT, MAXIME",BUESA ARENA,10033,80,17,15,2,4,26,55,70,94,18,29,53,71,,,,,,,,
E2023_073,MIL-IST,2023-11-16,20:30:00,9,REGULAR SEASON,E2023,92,76,EA7 EMPORIO ARMANI MILAN,ANADOLU EFES ISTANBUL,MIL,IST,"MESSINA, ETTORE","CAN, ERDEM",40:00,00:00,"RADOVIC, SRETEN","NIKOLIC, UROS","VYKLICKY, ROBERT",MEDIOLANUM FORUM ,7971,80,23,19,1,5,19,43,63,92,18,39,61,76,,,,,,,,
E2023_074,TEL-ULK,2023-11-16,20:05:00,9,REGULAR SEASON,E2023,78,73,MACCABI PLAYTIKA TEL AVIV,FENERBAHCE BEKO ISTANBUL,TEL,ULK,"KATTASH, ODED","ITOUDIS, DIMITRIS",40:00,00:00,"BELOSEVIC, ILIJA","BISSANG, JOSEPH","OBRKNEZEVIC, UROS",ALEKSANDAR NIKOLIC HALL,0,80,27,22,5,4,21,38,56,78,28,46,57,73,,,,,,,,
E2023_075,OLY-RED,2023-11-16,20:15:00,9,REGULAR SEASON,E2023,88,83,OLYMPIACOS PIRAEUS,CRVENA ZVEZDA MERIDIANBET BELGRADE,OLY,RED,"BARTZOKAS, GEORGIOS","SFAIROPOULOS, IOANNIS",40:00,00:00,"LATISEVS, OLEGS","TRAWICKI, TOMASZ","RADOJKOVIC, JOSIP",PEACE AND FRIENDSHIP STADIUM,10962,80,18,25,4,5,20,45,64,88,23,44,53,83,,,,,,,,
E2023_076,MAD-MCO,2023-11-16,20:45:00,9,REGULAR SEASON,E2023,91,73,REAL MADRID,AS MONACO,MAD,MCO,"MATEO, CHUS","OBRADOVIC, SASA",40:00,00:00,"JAVOR, DAMIR","SILVA, SERGIO","TSAROUCHA, VASILIKI",WIZINK CENTER,8764,80,18,21,2,3,30,53,80,91,20,39,50,73,,,,,,,,
E2023_077,BAR-PAM,2023-11-17,20:30:00,9,REGULAR SEASON,E2023,74,70,FC BARCELONA,VALENCIA BASKET,BAR,PAM,"GRIMAU, ROGER","MUMBRU, ALEX",40:00,00:00,"ROCHA, FERNANDO","DRAGOJEVIC, IGOR","BITTNER, STEVE",PALAU BLAUGRANA,5128,80,22,23,5,4,25,37,54,74,16,33,52,70,,,,,,,,
E2023_078,ASV-BAS,2023-11-17,20:00:00,9,REGULAR SEASON,E2023,81,88,LDLC ASVEL VILLEURBANNE,BASKONIA VITORIA-GASTEIZ,ASV,BAS,"POZZECCO, GIANMARCO","IVANOVIC, DUSKO",40:00,00:00,"PASTUSIAK, PIOTR","PANTHER, ANNE","POROBIC, DRAGAN",ASTROBALLE,5560,80,16,20,5,2,30,49,65,81,20,42,73,88,,,,,,,,
E2023_079,PAN-VIR,2023-11-17,20:15:00,9,REGULAR SEASON,E2023,90,76,PANATHINAIKOS ATHENS,VIRTUS SEGAFREDO BOLOGNA,PAN,VIR,"ATAMAN, HALIL ERGIN","BANCHI, LUCA",40:00,00:00,"BOLTAUZER, MATEJ","DIFALLAH, MEHDI","CORTES, CARLOS",OAKA Altion,13852,80,17,25,2,3,21,45,62,90,15,42,63,76,,,,,,,,
E2023_080,PAR-BER,2023-11-17,20:45:00,9,REGULAR SEASON,E2023,89,74,PARTIZAN MOZZART BET BELGRADE,ALBA BERLIN,PAR,BER,"OBRADOVIC, ZELJKO","GONZALEZ, ISRAEL",40:00,00:00,"PEREZ, EMILIO","ZAMOJSKI, JAKUB","BOUBERT, MAXIME",STARK ARENA,18912,80,17,19,5,1,18,43,65,89,20,40,55,74,,,,,,,,
E2023_081,ZAL-MUN,2023-11-17,19:00:00,9,REGULAR SEASON,E2023,74,73,ZALGIRIS KAUNAS,FC BAYERN MUNICH,ZAL,MUN,"MAKSVYTIS, KAZYS","LASO, PABLO",40:00,00:00,"PEREZ, MIGUEL ANGEL","KOWALSKI, MARCIN","BAENA, ALBERTO",ZALGIRIO ARENA,15034,80,12,11,3,5,25,41,62,74,18,43,61,73,,,,,,,,
E2023_082,ASV-MUN,2023-11-23,20:00:00,10,REGULAR SEASON,E2023,100,101,LDLC ASVEL VILLEURBANNE,FC BAYERN MUNICH,ASV,MUN,"POZZECCO, GIANMARCO","LASO, PABLO",50:00,00:00,"PERUGA, CARLOS","PEREZ, EMILIO","CLIVAZ, SEBASTIEN",LDLC ARENA,11354,80,21,26,5,4,18,40,60,74,22,37,51,74,88.0,100.0,,,88.0,101.0,,
E2023_083,TEL-BAR,2023-11-23,20:05:00,10,REGULAR SEASON,E2023,90,92,MACCABI PLAYTIKA TEL AVIV,FC BARCELONA,TEL,BAR,"KATTASH, ODED","GRIMAU, ROGER",40:00,00:00,"DIFALLAH, MEHDI","NEDOVIC, MILAN","THEPENIER, HUGUES",ALEKSANDAR NIKOLIC HALL,0,80,22,26,3,3,31,51,68,90,26,51,70,92,,,,,,,,
E2023_084,PAN-PAM,2023-11-23,20:15:00,10,REGULAR SEASON,E2023,90,73,PANATHINAIKOS AKTOR ATHENS,VALENCIA BASKET,PAN,PAM,"ATAMAN, HALIL ERGIN","MUMBRU MURCIA, ALEX",40:00,00:00,"BELOSEVIC, ILIJA","SHEMMESH, SEFFI","VILIUS, GYTIS",OAKA Altion,14630,80,22,21,2,4,27,49,72,90,18,35,53,73,,,,,,,,
E2023_085,MAD-BER,2023-11-23,20:45:00,10,REGULAR SEASON,E2023,99,75,REAL MADRID,ALBA BERLIN,MAD,BER,"MATEO, CHUS","GONZALEZ, ISRAEL",40:00,00:00,"PUKL,SASA","PATERNICO, CARMELO","PITSILKAS, VASSILIS",WIZINK CENTER,6866,80,12,11,1,2,27,44,67,99,17,33,51,75,,,,,,,,
E2023_086,VIR-ULK,2023-11-23,20:30:00,10,REGULAR SEASON,E2023,87,79,VIRTUS SEGAFREDO BOLOGNA,FENERBAHCE BEKO ISTANBUL,VIR,ULK,"BANCHI, LUCA","ITOUDIS, DIMITRIS",40:00,00:00,"GARCIA, JUAN CARLOS","JOVCIC, MILIVOJE","BALAK, AMIT",VIRTUS SEGAFREDO ARENA,6946,80,20,18,4,5,25,46,70,87,27,44,58,79,,,,,,,,
E2023_087,IST-PAR,2023-11-24,18:30:00,10,REGULAR SEASON,E2023,100,94,ANADOLU EFES ISTANBUL,PARTIZAN MOZZART BET BELGRADE,IST,PAR,"CAN, ERDEM","OBRADOVIC, ZELJKO",40:00,00:00,"PEREZ, MIGUEL ANGEL","BISSANG, JOSEPH","DRAGOJEVIC, IGOR",SINAN ERDEM SPORTS HALL,10018,80,21,23,4,5,22,50,64,100,22,45,74,94,,,,,,,,
E2023_088,RED-MIL,2023-11-24,20:30:00,10,REGULAR SEASON,E2023,71,93,CRVENA ZVEZDA MERIDIANBET BELGRADE,EA7 EMPORIO ARMANI MILAN,RED,MIL,"SFAIROPOULOS, IOANNIS","MESSINA, ETTORE",40:00,00:00,"MOGULKOC, EMIN","FOUFIS, IOANNIS","RACYS, SAULIUS",STARK ARENA,19854,80,16,16,5,2,19,39,56,71,20,38,63,93,,,,,,,,
E2023_089,OLY-ZAL,2023-11-24,20:15:00,10,REGULAR SEASON,E2023,89,72,OLYMPIACOS PIRAEUS,ZALGIRIS KAUNAS,OLY,ZAL,"BARTZOKAS, GEORGIOS","MAKSVYTIS, KAZYS",40:00,00:00,"JAVOR, DAMIR","NIKOLIC, UROS","CICI, GENTIAN",PEACE AND FRIENDSHIP STADIUM,12229,80,21,22,3,4,19,43,69,89,19,31,52,72,,,,,,,,
E2023_090,BAS-MCO,2023-11-24,20:30:00,10,REGULAR SEASON,E2023,75,77,BASKONIA VITORIA-GASTEIZ,AS MONACO,BAS,MCO,"IVANOVIC, DUSKO","OBRADOVIC, SASA",40:00,00:00,"LOTTERMOSER, ROBERT","HORDOV, TOMISLAV","OBRKNEZEVIC, UROS",BUESA ARENA,11057,80,16,17,5,3,19,36,59,75,16,35,62,77,,,,,,,,
E2023_091,MCO-OLY,2023-11-30,19:00:00,11,REGULAR SEASON,E2023,85,77,AS MONACO,OLYMPIACOS PIRAEUS,MCO,OLY,"OBRADOVIC, SASA","BARTZOKAS, GEORGIOS",40:00,00:00,"PERUGA, CARLOS","PASTUSIAK, PIOTR","SUKYS, ARTURAS",SALLE GASTON MEDECIN,4766,80,19,23,5,5,22,38,58,85,17,39,59,77,,,,,,,,
E2023_092,MUN-VIR,2023-11-30,20:30:00,11,REGULAR SEASON,E2023,90,76,FC BAYERN MUNICH,VIRTUS SEGAFREDO BOLOGNA,MUN,VIR,"LASO, PABLO","BANCHI, LUCA",40:00,00:00,"RADOVIC, SRETEN","ZAMOJSKI, JAKUB","RACYS, SAULIUS",BMW PARK,6500,80,23,23,2,4,20,44,70,90,28,46,66,76,,,,,,,,
E2023_093,ULK-MAD,2023-11-30,18:45:00,11,REGULAR SEASON,E2023,100,99,FENERBAHCE BEKO ISTANBUL,REAL MADRID,ULK,MAD,"ITOUDIS, DIMITRIS","MATEO, CHUS",45:00,00:00,"LOTTERMOSER, ROBERT","KOLJENSIC, MILOS","KARDUM, LUKA",ULKER SPORTS AND EVENT HALL,11787,90,23,22,6,5,16,37,59,87,29,44,67,87,100.0,,,,99.0,,,
E2023_094,TEL-BER,2023-11-30,20:05:00,11,REGULAR SEASON,E2023,102,81,MACCABI PLAYTIKA TEL AVIV,ALBA BERLIN,TEL,BER,"KATTASH, ODED","GONZALEZ, ISRAEL",40:00,00:00,"PEREZ, MIGUEL ANGEL","JAVOR, DAMIR","RADOJKOVIC, JOSIP",ALEKSANDAR NIKOLIC HALL,0,80,22,18,1,3,29,58,81,102,14,42,66,81,,,,,,,,
E2023_095,PAR-PAN,2023-11-30,20:45:00,11,REGULAR SEASON,E2023,92,87,PARTIZAN MOZZART BET BELGRADE,PANATHINAIKOS AKTOR ATHENS,PAR,PAN,"OBRADOVIC, ZELJKO","ATAMAN, ERGIN",45:00,00:00,"MOGULKOC, EMIN","LATISEVS, OLEGS","ALIAGA, JORDI",STARK ARENA,20079,90,23,18,4,4,20,39,54,78,21,38,56,78,92.0,,,,87.0,,,
E2023_096,MIL-ZAL,2023-11-30,20:30:00,11,REGULAR SEASON,E2023,70,83,EA7 EMPORIO ARMANI MILAN,ZALGIRIS KAUNAS,MIL,ZAL,"MESSINA, ETTORE","MAKSVYTIS, KAZYS",40:00,00:00,"BELOSEVIC, ILIJA","JOVCIC, MILIVOJE","CELIK, HUSEYIN",MEDIOLANUM FORUM ,9783,80,19,22,3,2,19,31,52,70,18,41,59,83,,,,,,,,
E2023_097,RED-IST,2023-12-01,20:00:00,11,REGULAR SEASON,E2023,97,83,CRVENA ZVEZDA MERIDIANBET BELGRADE,ANADOLU EFES ISTANBUL,RED,IST,"SFAIROPOULOS, IOANNIS","CAN, ERDEM",40:00,00:00,"PATERNICO, CARMELO","CORTES, CARLOS","BAENA, ALBERTO",STARK ARENA,18290,80,21,22,3,5,22,43,72,97,21,49,70,83,,,,,,,,
E2023_098,BAR-ASV,2023-12-01,20:30:00,11,REGULAR SEASON,E2023,101,92,FC BARCELONA,LDLC ASVEL VILLEURBANNE,BAR,ASV,"GRIMAU, ROGER","POZZECCO, GIANMARCO",40:00,00:00,"HORDOV, TOMISLAV","VILIUS, GYTIS","VYKLICKY, ROBERT",PALAU BLAUGRANA,4612,80,20,17,2,2,28,50,78,101,24,47,71,92,,,,,,,,
E2023_099,PAM-BAS,2023-12-01,20:30:00,11,REGULAR SEASON,E2023,84,98,VALENCIA BASKET,BASKONIA VITORIA-GASTEIZ,PAM,BAS,"MUMBRU, ALEX","IVANOVIC, DUSKO",40:00,00:00,"BOLTAUZER, MATEJ","DIFALLAH, MEHDI","CICI, GENTIAN",PABELLON FUENTE DE SAN LUIS,6573,80,26,21,4,3,21,52,70,84,20,44,67,98,,,,,,,,
E2023_100,BER-ZAL,2023-12-05,20:00:00,12,REGULAR SEASON,E2023,64,62,ALBA BERLIN,ZALGIRIS KAUNAS,BER,ZAL,"GONZALEZ, ISRAEL","MAKSVYTIS, KAZYS",40:00,00:00,"MOGULKOC, EMIN","ZAMOJSKI, JAKUB","GORDON, NOAM",MERCEDES-BENZ ARENA,5566,80,17,22,1,5,13,25,39,64,20,28,45,62,,,,,,,,
E2023_101,IST-PAN,2023-12-05,18:30:00,12,REGULAR SEASON,E2023,71,68,ANADOLU EFES ISTANBUL,PANATHINAIKOS AKTOR ATHENS,IST,PAN,"CAN, ERDEM","ATAMAN, ERGIN",40:00,00:00,"RADOVIC, SRETEN","PERUGA, CARLOS","PEERANDI, RAIN",SINAN ERDEM SPORTS HALL,14016,80,16,18,4,4,23,37,50,71,15,31,52,68,,,,,,,,
E2023_102,MUN-MIL,2023-12-05,20:30:00,12,REGULAR SEASON,E2023,91,84,FC BAYERN MUNICH,EA7 EMPORIO ARMANI MILAN,MUN,MIL,"LASO, PABLO","MESSINA, ETTORE",45:00,00:00,"PUKL,SASA","OBRKNEZEVIC, UROS","PETEK, SASO",BMW PARK,6500,90,18,17,4,5,22,44,55,76,25,39,52,76,91.0,,,,84.0,,,
E2023_103,OLY-MAD,2023-12-05,20:15:00,12,REGULAR SEASON,E2023,71,77,OLYMPIACOS PIRAEUS,REAL MADRID,OLY,MAD,"BARTZOKAS, GEORGIOS","MATEO DIEZ, JESUS ALFONSO",40:00,00:00,"BELOSEVIC, ILIJA","HORDOV, TOMISLAV","ROSSI, MICHELE",PEACE AND FRIENDSHIP STADIUM,12239,80,21,22,1,2,19,36,57,71,23,37,61,77,,,,,,,,
E2023_104,PAR-MCO,2023-12-05,20:30:00,12,REGULAR SEASON,E2023,89,85,PARTIZAN MOZZART BET BELGRADE,AS MONACO,PAR,MCO,"OBRADOVIC, ZELJKO","OBRADOVIC, SASA",45:00,00:00,"GARCIA, JUAN CARLOS","BOLTAUZER, MATEJ","GIOVANNETTI, GUIDO",STARK ARENA,19974,90,24,29,6,4,16,32,51,72,13,35,51,72,89.0,,,,85.0,,,
E2023_105,ASV-TEL,2023-12-06,20:15:00,12,REGULAR SEASON,E2023,91,94,LDLC ASVEL VILLEURBANNE,MACCABI PLAYTIKA TEL AVIV,ASV,TEL,"POZZECCO, GIANMARCO","KATTASH, ODED",40:00,00:00,"ALIAGA, JORDI","JOVCIC, MILIVOJE","HALLIKO, AARE",ASTROBALLE,4585,80,20,23,4,3,19,46,66,91,17,45,70,94,,,,,,,,
E2023_106,BAS-ULK,2023-12-06,20:30:00,12,REGULAR SEASON,E2023,80,79,BASKONIA VITORIA-GASTEIZ,FENERBAHCE BEKO ISTANBUL,BAS,ULK,"IVANOVIC, DUSKO","ITOUDIS, DIMITRIS",40:00,00:00,"ROCHA, FERNANDO","BISSANG, JOSEPH","DRAGOJEVIC, IGOR",BUESA ARENA,10452,80,18,15,3,3,10,38,57,80,18,37,55,79,,,,,,,,
E2023_107,PAM-RED,2023-12-06,20:30:00,12,REGULAR SEASON,E2023,85,81,VALENCIA BASKET,CRVENA ZVEZDA MERIDIANBET BELGRADE,PAM,RED,"MUMBRU, ALEX","SFAIROPOULOS, IOANNIS",40:00,00:00,"SUKYS, ARTURAS","JAVOR, DAMIR","RADOJKOVIC, JOSIP",PABELLON FUENTE DE SAN LUIS,6817,80,27,24,3,5,25,56,72,85,19,40,65,81,,,,,,,,
E2023_108,VIR-BAR,2023-12-06,20:30:00,12,REGULAR SEASON,E2023,80,75,VIRTUS SEGAFREDO BOLOGNA,FC BARCELONA,VIR,BAR,"BANCHI, LUCA","GRIMAU, ROGER",40:00,00:00,"LOTTERMOSER, ROBERT","FOUFIS, IOANNIS","BOUBERT, MAXIME",VIRTUS SEGAFREDO ARENA,8187,80,18,23,3,4,18,33,56,80,24,45,61,75,,,,,,,,
E2023_109,BER-IST,2023-12-07,20:00:00,13,REGULAR SEASON,E2023,89,97,ALBA BERLIN,ANADOLU EFES ISTANBUL,BER,IST,"GONZALEZ, ISRAEL","CAN, ERDEM",40:00,00:00,"GARCIA, JUAN CARLOS","LAURINAVICIUS, JURGIS","LEZCANO, LEANDRO",MERCEDES-BENZ ARENA,7116,80,20,17,3,2,15,40,65,89,22,37,64,97,,,,,,,,
E2023_110,PAN-MAD,2023-12-07,20:15:00,13,REGULAR SEASON,E2023,78,90,PANATHINAIKOS AKTOR ATHENS,REAL MADRID,PAN,MAD,"ATAMAN, ERGIN","MATEO, CHUS",40:00,00:00,"DIFALLAH, MEHDI","RACYS, SAULIUS","CICI, GENTIAN",OAKA Altion,17323,80,13,20,4,2,23,45,55,78,24,46,72,90,,,,,,,,
E2023_111,PAR-MIL,2023-12-07,20:30:00,13,REGULAR SEASON,E2023,82,69,PARTIZAN MOZZART BET BELGRADE,EA7 EMPORIO ARMANI MILAN,PAR,MIL,"OBRADOVIC, ZELJKO","MESSINA, ETTORE",40:00,00:00,"RADOVIC, SRETEN","CORTES, CARLOS","MAJKIC, MARIO",STARK ARENA,20033,80,23,22,4,5,20,39,61,82,25,44,62,69,,,,,,,,
E2023_112,OLY-MUN,2023-12-08,20:15:00,13,REGULAR SEASON,E2023,77,69,OLYMPIACOS PIRAEUS,FC BAYERN MUNICH,OLY,MUN,"BATZOKAS, GEORGIOS","LASO, PABLO",40:00,00:00,"BOLTAUZER, MATEJ","ALIAGA, JORDI","DRAGOJEVIC, IGOR",PEACE AND FRIENDSHIP STADIUM,11457,80,16,25,3,4,24,41,54,77,8,29,44,69,,,,,,,,
E2023_113,BAR-ULK,2023-12-08,20:30:00,13,REGULAR SEASON,E2023,89,81,FC BARCELONA,FENERBAHCE BEKO ISTANBUL,BAR,ULK,"GRIMAU, ROGER","ITOUDIS, DIMITRIS",40:00,00:00,"JAVOR, DAMIR","JOVCIC, MILIVOJE","SUKYS, ARTURAS",PALAU BLAUGRANA,6787,80,19,20,3,5,16,38,63,89,19,50,64,81,,,,,,,,
E2023_114,ASV-PAM,2023-12-08,21:00:00,13,REGULAR SEASON,E2023,55,78,LDLC ASVEL VILLEURBANNE,VALENCIA BASKET,ASV,PAM,"POZZECCO, GIANMARCO","MUMBRU, ALEX",40:00,00:00,"PUKL,SASA","KOLJENSIC, MILOS","TSAROUCHA, VASILIKI",LDLC ARENA,8287,80,16,21,3,2,23,33,41,55,18,35,53,78,,,,,,,,
E2023_115,BAS-RED,2023-12-08,20:30:00,13,REGULAR SEASON,E2023,87,85,BASKONIA VITORIA-GASTEIZ,CRVENA ZVEZDA MERIDIANBET BELGRADE,BAS,RED,"IVANOVIC, DUSKO","SFAIROPOULOS, IOANNIS",40:00,00:00,"ZAMOJSKI, JAKUB","VYKLICKY, ROBERT","BITTNER, STEVE",BUESA ARENA,10470,80,20,21,5,5,26,52,67,87,18,43,62,85,,,,,,,,
E2023_116,VIR-TEL,2023-12-08,20:30:00,13,REGULAR SEASON,E2023,100,90,VIRTUS SEGAFREDO BOLOGNA,MACCABI PLAYTIKA TEL AVIV,VIR,TEL,"BANCHI, LUCA","KATTASH, ODED",40:00,00:00,"ROCHA, FERNANDO","PASTUSIAK, PIOTR","VILIUS, GYTIS",VIRTUS SEGAFREDO ARENA,0,80,24,25,3,4,28,49,78,100,29,49,72,90,,,,,,,,
E2023_117,ZAL-MCO,2023-12-08,19:00:00,13,REGULAR SEASON,E2023,79,83,ZALGIRIS KAUNAS,AS MONACO,ZAL,MCO,"MAKSVYTIS, KAZYS","OBRADOVIC, SASA",40:00,00:00,"PEREZ, MIGUEL ANGEL","LATISEVS, OLEGS","PANTHER, ANNE",ZALGIRIO ARENA,14847,80,23,16,4,5,19,37,59,79,23,46,57,83,,,,,,,,
E2023_118,ASV-PAN,2023-12-14,21:00:00,14,REGULAR SEASON,E2023,81,89,LDLC ASVEL VILLEURBANNE,PANATHINAIKOS AKTOR ATHENS,ASV,PAN,"POZZECCO, GIANMARCO","ATAMAN, ERGIN",40:00,00:00,"BOLTAUZER, MATEJ","PATERNICO, CARMELO","BAENA, ALBERTO",LDLC ARENA,8325,80,25,18,3,2,21,36,60,81,24,45,64,89,,,,,,,,
E2023_119,MAD-MUN,2023-12-14,20:45:00,14,REGULAR SEASON,E2023,88,73,REAL MADRID,FC BAYERN MUNICH,MAD,MUN,"MATEO, CHUS","LASO, PABLO",40:00,00:00,"NEDOVIC, MILAN","KARDUM, LUKA","PEER, ADAR",WIZINK CENTER,8417,80,20,25,2,3,19,42,63,88,23,37,57,73,,,,,,,,
E2023_120,BAS-VIR,2023-12-14,20:30:00,14,REGULAR SEASON,E2023,81,91,BASKONIA VITORIA-GASTEIZ,VIRTUS SEGAFREDO BOLOGNA,BAS,VIR,"IVANOVIC, DUSKO","BANCHI, LUCA",40:00,00:00,"LATISEVS, OLEGS","NIKOLIC, UROS","HADZIC, DENIS",BUESA ARENA,8516,80,18,22,4,4,15,43,60,81,24,42,63,91,,,,,,,,
E2023_121,ZAL-PAR,2023-12-14,19:00:00,14,REGULAR SEASON,E2023,85,93,ZALGIRIS KAUNAS,PARTIZAN MOZZART BET BELGRADE,ZAL,PAR,"MAKSVYTIS, KAZYS","OBRADOVIC, ZELJKO",40:00,00:00,"PUKL,SASA","PEREZ, EMILIO","VAN DEN BROECK, NICK",ZALGIRIO ARENA,14705,80,23,18,5,2,21,44,64,85,29,58,76,93,,,,,,,,
E2023_122,TEL-IST,2023-12-14,20:05:00,14,REGULAR SEASON,E2023,95,86,MACCABI PLAYTIKA TEL AVIV,ANADOLU EFES ISTANBUL,TEL,IST,"KATTASH, ODED","CAN, ERDEM",40:00,00:00,"PEREZ, MIGUEL ANGEL","TRAWICKI, TOMASZ","OBRKNEZEVIC, UROS",ALEKSANDAR NIKOLIC HALL,0,80,19,14,3,5,29,45,66,95,20,48,64,86,,,,,,,,
E2023_123,ULK-MCO,2023-12-15,18:45:00,14,REGULAR SEASON,E2023,86,74,FENERBAHCE BEKO ISTANBUL,AS MONACO,ULK,MCO,"JASIKEVICIUS, SARAS","OBRADOVIC, SASA",40:00,00:00,"HORDOV, TOMISLAV","VILIUS, GYTIS","ROSSI, MICHELE",ULKER SPORTS AND EVENT HALL,9563,80,26,20,3,4,24,46,68,86,21,45,57,74,,,,,,,,
E2023_124,RED-BER,2023-12-14,19:00:00,14,REGULAR SEASON,E2023,85,71,CRVENA ZVEZDA MERIDIANBET BELGRADE,ALBA BERLIN,RED,BER,"SFAIROPOULOS, IOANNIS","GONZALEZ, ISRAEL",40:00,00:00,"ROCHA, FERNANDO","PERUGA, CARLOS","KOWALSKI, MARCIN",STARK ARENA,17993,80,19,17,1,1,25,51,71,85,22,42,53,71,,,,,,,,
E2023_125,BAR-MIL,2023-12-15,20:30:00,14,REGULAR SEASON,E2023,86,90,FC BARCELONA,EA7 EMPORIO ARMANI MILAN,BAR,MIL,"GRIMAU, ROGER","MESSINA, ETTORE",40:00,00:00,"BELOSEVIC, ILIJA","PANTHER, ANNE","KONSTANTINOVS, KRISTAPS",PALAU BLAUGRANA,4588,80,24,22,5,2,19,40,59,86,29,51,68,90,,,,,,,,
E2023_126,OLY-PAM,2023-12-15,20:15:00,14,REGULAR SEASON,E2023,56,63,OLYMPIACOS PIRAEUS,VALENCIA BASKET,OLY,PAM,"BARTZOKAS, GEORGIOS","MUMBRU, ALEX",40:00,00:00,"RADOVIC, SRETEN","BISSANG, JOSEPH","SILVA, SERGIO",PEACE AND FRIENDSHIP STADIUM,10898,80,12,20,3,3,15,26,38,56,14,35,47,63,,,,,,,,
E2023_127,BER-BAR,2023-12-19,20:00:00,15,REGULAR SEASON,E2023,74,70,ALBA BERLIN,FC BARCELONA,BER,BAR,"GONZALEZ, ISRAEL","GRIMAU, ROGER",40:00,00:00,"VILIUS, GYTIS","RACYS, SAULIUS","GIOVANNETTI, GUIDO",MERCEDES-BENZ ARENA,10592,80,21,20,1,4,19,38,56,74,22,41,52,70,,,,,,,,
E2023_128,RED-MAD,2023-12-19,19:00:00,15,REGULAR SEASON,E2023,58,72,CRVENA ZVEZDA MERIDIANBET BELGRADE,REAL MADRID,RED,MAD,"SFAIROPOULOS, IOANNIS","MATEO, CHUS",40:00,00:00,"MOGULKOC, EMIN","TRAWICKI, TOMASZ","SILVA, SERGIO",STARK ARENA,19714,80,13,19,4,2,20,34,45,58,20,45,61,72,,,,,,,,
E2023_129,TEL-BAS,2023-12-19,20:05:00,15,REGULAR SEASON,E2023,89,81,MACCABI PLAYTIKA TEL AVIV,BASKONIA VITORIA-GASTEIZ,TEL,BAS,"KATTASH, ODED","IVANOVIC, DUSKO",40:00,00:00,"BOLTAUZER, MATEJ","JOVCIC, MILIVOJE","TSAROUCHA, VASILIKI",ALEKSANDAR NIKOLIC HALL,0,80,21,20,2,5,22,47,68,89,22,49,67,81,,,,,,,,
E2023_130,PAM-PAR,2023-12-19,21:00:00,15,REGULAR SEASON,E2023,67,72,VALENCIA BASKET,PARTIZAN MOZZART BET BELGRADE,PAM,PAR,"MUMBRU, ALEX","OBRADOVIC, ZELJKO",40:00,00:00,"ROCHA, FERNANDO","PASTUSIAK, PIOTR","LEZCANO, LEANDRO",PABELLON FUENTE DE SAN LUIS,7184,80,21,22,3,3,14,34,44,67,19,33,53,72,,,,,,,,
E2023_131,VIR-OLY,2023-12-19,20:30:00,15,REGULAR SEASON,E2023,69,67,VIRTUS SEGAFREDO BOLOGNA,OLYMPIACOS PIRAEUS,VIR,OLY,"BANCHI, LUCA","BARTZOKAS, GEORGIOS",40:00,00:00,"JAVOR, DAMIR","PERUGA, CARLOS","NEDOVIC, MILAN",VIRTUS SEGAFREDO ARENA,7464,80,19,20,3,3,17,28,47,69,19,40,55,67,,,,,,,,
E2023_132,MCO-PAN,2023-12-20,19:00:00,15,REGULAR SEASON,E2023,90,91,AS MONACO,PANATHINAIKOS AKTOR ATHENS,MCO,PAN,"OBRADOVIC, SASA","ATAMAN, ERGIN",40:00,00:00,"PEREZ, EMILIO","ZAMOJSKI, JAKUB","KOLJENSIC, MILOS",SALLE GASTON MEDECIN,4595,80,21,22,5,5,19,47,67,90,22,39,56,91,,,,,,,,
E2023_133,MIL-ASV,2023-12-20,20:30:00,15,REGULAR SEASON,E2023,84,61,EA7 EMPORIO ARMANI MILAN,LDLC ASVEL VILLEURBANNE,MIL,ASV,"MESSINA, ETTORE","POZZECCO, GIANMARCO",40:00,00:00,"PEREZ, MIGUEL ANGEL","NIKOLIC, UROS","UDYANSKYY, EDUARD",MEDIOLANUM FORUM ,8700,80,20,18,2,4,22,46,67,84,21,36,48,61,,,,,,,,
E2023_134,MUN-IST,2023-12-20,20:30:00,15,REGULAR SEASON,E2023,86,71,FC BAYERN MUNICH,ANADOLU EFES ISTANBUL,MUN,IST,"LASO, PABLO","CAN, ERDEM",40:00,00:00,"DIFALLAH, MEHDI","CORTES, CARLOS","ROSSI, MICHELE",BMW PARK,6500,80,14,17,3,5,20,50,71,86,17,41,59,71,,,,,,,,
E2023_135,ULK-ZAL,2023-12-20,18:30:00,15,REGULAR SEASON,E2023,80,78,FENERBAHCE BEKO ISTANBUL,ZALGIRIS KAUNAS,ULK,ZAL,"JASIKEVICIUS, SARAS","MAKSVYTIS, KAZYS",40:00,00:00,"GARCIA, JUAN CARLOS","PEERANDI, RAIN","BISSUEL, THOMAS",ULKER SPORTS AND EVENT HALL,8114,80,22,21,4,4,22,37,56,80,26,48,62,78,,,,,,,,
E2023_136,TEL-RED,2023-12-21,20:05:00,16,REGULAR SEASON,E2023,92,98,MACCABI PLAYTIKA TEL AVIV,CRVENA ZVEZDA MERIDIANBET BELGRADE,TEL,RED,"KATTASH, ODED","SFAIROPOULOS, IOANNIS",40:00,00:00,"RADOVIC, SRETEN","ALIAGA, JORDI","BAENA, ALBERTO",ALEKSANDAR NIKOLIC HALL,0,80,20,23,4,4,20,42,65,92,20,51,79,98,,,,,,,,
E2023_137,MAD-PAR,2023-12-21,20:45:00,16,REGULAR SEASON,E2023,91,75,REAL MADRID,PARTIZAN MOZZART BET BELGRADE,MAD,PAR,"MATEO, CHUS","OBRADOVIC, ZELJKO",40:00,00:00,"LOTTERMOSER, ROBERT","BISSANG, JOSEPH","KONSTANTINOVS, KRISTAPS",WIZINK CENTER,9563,80,14,20,1,5,26,48,76,91,19,36,51,75,,,,,,,,
E2023_138,PAM-VIR,2023-12-21,20:30:00,16,REGULAR SEASON,E2023,79,71,VALENCIA BASKET,VIRTUS SEGAFREDO BOLOGNA,PAM,VIR,"MUMBRU, ALEX","BANCHI, LUCA",40:00,00:00,"HORDOV, TOMISLAV","VYKLICKY, ROBERT","PITSILKAS, VASSILIS",PABELLON FUENTE DE SAN LUIS,6087,80,17,21,1,4,26,37,60,79,21,47,54,71,,,,,,,,
E2023_139,BER-ULK,2023-12-22,20:15:00,16,REGULAR SEASON,E2023,82,91,ALBA BERLIN,FENERBAHCE BEKO ISTANBUL,BER,ULK,"GONZALEZ, ISRAEL","JASIKEVICIUS, SARAS",40:00,00:00,"DIFALLAH, MEHDI","FOUFIS, IOANNIS","BALAK, AMIT",MERCEDES-BENZ ARENA,13112,80,17,18,2,3,26,47,59,82,24,51,72,91,,,,,,,,
E2023_140,IST-BAS,2023-12-22,18:15:00,16,REGULAR SEASON,E2023,80,87,ANADOLU EFES ISTANBUL,BASKONIA VITORIA-GASTEIZ,IST,BAS,"CAN, ERDEM","IVANOVIC, DUSKO",40:00,00:00,"BELOSEVIC, ILIJA","PEERANDI, RAIN","BISSUEL, THOMAS",SINAN ERDEM SPORTS HALL,11406,80,18,19,5,4,17,36,60,80,17,36,57,87,,,,,,,,
E2023_141,MIL-PAN,2023-12-22,20:45:00,16,REGULAR SEASON,E2023,68,76,EA7 EMPORIO ARMANI MILAN,PANATHINAIKOS AKTOR ATHENS,MIL,PAN,"MESSINA, ETTORE","ATAMAN, HALIL ERGIN",40:00,00:00,"JAVOR, DAMIR","NEDOVIC, MILAN","BOUBERT, MAXIME",MEDIOLANUM FORUM ,11686,80,19,17,4,2,24,41,56,68,22,41,59,76,,,,,,,,
E2023_142,MUN-MCO,2023-12-22,20:30:00,16,REGULAR SEASON,E2023,80,91,FC BAYERN MUNICH,AS MONACO,MUN,MCO,"LASO, PABLO","OBRADOVIC, SASA",40:00,00:00,"PUKL,SASA","SUKYS, ARTURAS","HALLIKO, AARE",BMW PARK,6500,80,28,17,4,4,14,31,60,80,17,46,67,91,,,,,,,,
E2023_143,ASV-OLY,2023-12-22,19:45:00,16,REGULAR SEASON,E2023,73,85,LDLC ASVEL VILLEURBANNE,OLYMPIACOS PIRAEUS,ASV,OLY,"POZZECCO, GIANMARCO","BARTZOKAS, GEORGIOS",40:00,00:00,"LATISEVS, OLEGS","PANTHER, ANNE","SHEMMESH, SEFFI",LDLC ARENA,8488,80,15,24,2,1,18,37,57,73,25,49,71,85,,,,,,,,
E2023_144,ZAL-BAR,2023-12-22,19:00:00,16,REGULAR SEASON,E2023,80,85,ZALGIRIS KAUNAS,FC BARCELONA,ZAL,BAR,"MAKSVYTIS, KAZYS","GRIMAU, ROGER",40:00,00:00,"PATERNICO, CARMELO","PETEK, SASO","THEPENIER, HUGUES",ZALGIRIO ARENA,14953,80,21,22,3,2,22,51,73,80,28,56,70,85,,,,,,,,
E2023_145,IST-ULK,2023-12-28,18:30:00,17,REGULAR SEASON,E2023,84,89,ANADOLU EFES ISTANBUL,FENERBAHCE BEKO ISTANBUL,IST,ULK,"CAN, ERDEM","JASIKEVICIUS, SARAS",40:00,00:00,"RADOVIC, SRETEN","NIKOLIC, UROS","PETEK, SASO",SINAN ERDEM SPORTS HALL,15041,80,15,17,5,2,29,52,68,84,29,47,69,89,,,,,,,,
E2023_146,MIL-BAS,2023-12-28,20:30:00,17,REGULAR SEASON,E2023,76,67,EA7 EMPORIO ARMANI MILAN,BASKONIA VITORIA-GASTEIZ,MIL,BAS,"MESSINA, ETTORE","IVANOVIC, DUSKO",40:00,00:00,"DIFALLAH, MEHDI","VILIUS, GYTIS","RADOJKOVIC, JOSIP",MEDIOLANUM FORUM ,12016,80,24,18,2,3,20,46,60,76,12,31,48,67,,,,,,,,
E2023_147,MUN-PAM,2023-12-28,20:30:00,17,REGULAR SEASON,E2023,85,84,FC BAYERN MUNICH,VALENCIA BASKET,MUN,PAM,"LASO, PABLO","MUMBRU, ALEX",40:00,00:00,"BELOSEVIC, ILIJA","RACYS, SAULIUS","HADZIC, DENIS",BMW PARK,6500,80,19,23,4,5,16,38,60,85,16,39,62,84,,,,,,,,
E2023_148,ASV-MAD,2023-12-28,20:00:00,17,REGULAR SEASON,E2023,76,77,LDLC ASVEL VILLEURBANNE,REAL MADRID,ASV,MAD,"POZZECCO, GIANMARCO","MATEO, CHUS",40:00,00:00,"PASTUSIAK, PIOTR","LAURINAVICIUS, JURGIS","CELIK, HUSEYIN",LDLC ARENA,11524,80,23,16,5,5,19,39,57,76,18,33,51,77,,,,,,,,
E2023_149,ZAL-TEL,2023-12-28,19:00:00,17,REGULAR SEASON,E2023,70,78,ZALGIRIS KAUNAS,MACCABI PLAYTIKA TEL AVIV,ZAL,TEL,"MAKSVYTIS, KAZYS","KATTASH, ODED",40:00,00:00,"JAVOR, DAMIR","CORTES, CARLOS","SILVA, SERGIO",ZALGIRIO ARENA,14979,80,18,16,3,3,18,33,49,70,16,32,61,78,,,,,,,,
E2023_150,PAN-RED,2023-12-28,20:15:00,17,REGULAR SEASON,E2023,82,65,PANATHINAIKOS AKTOR ATHENS,CRVENA ZVEZDA MERIDIANBET BELGRADE,PAN,RED,"ATAMAN, ERGIN","SFAIROPOULOS, IOANNIS",40:00,00:00,"LOTTERMOSER, ROBERT","BISSANG, JOSEPH","MAJKIC, MARIO",OAKA Altion,18124,80,15,23,2,5,20,38,61,82,17,31,50,65,,,,,,,,
E2023_151,BER-OLY,2023-12-29,20:00:00,17,REGULAR SEASON,E2023,67,94,ALBA BERLIN,OLYMPIACOS PIRAEUS,BER,OLY,"GONZALEZ, ISRAEL","BARTZOKAS, GEORGIOS",40:00,00:00,"HORDOV, TOMISLAV","KOLJENSIC, MILOS","KONSTANTINOVS, KRISTAPS",MERCEDES-BENZ ARENA,11265,80,20,12,2,1,25,43,51,67,19,40,67,94,,,,,,,,
E2023_152,MCO-BAR,2023-12-29,21:00:00,17,REGULAR SEASON,E2023,91,71,AS MONACO,FC BARCELONA,MCO,BAR,"OBRADOVIC, SASA","GRIMAU, ROGER",40:00,00:00,"ROCHA, FERNANDO","KARDUM, LUKA","PEER, ADAR",SALLE GASTON MEDECIN,5000,80,20,17,3,5,27,47,67,91,15,36,52,71,,,,,,,,
E2023_153,PAR-VIR,2023-12-28,18:30:00,17,REGULAR SEASON,E2023,75,77,PARTIZAN MOZZART BET BELGRADE,VIRTUS SEGAFREDO BOLOGNA,PAR,VIR,"OBRADOVIC, ZELJKO","BANCHI, LUCA",40:00,00:00,"MOGULKOC, EMIN","SUKYS, ARTURAS","UDYANSKYY, EDUARD",STARK ARENA,20086,80,21,21,5,4,18,36,55,75,23,41,60,77,,,,,,,,
E2023_154,ULK-RED,2024-01-02,18:45:00,18,REGULAR SEASON,E2023,76,85,FENERBAHCE BEKO ISTANBUL,CRVENA ZVEZDA MERIDIANBET BELGRADE,ULK,RED,"JASIKEVICIUS, SARAS","SFAIROPOULOS, IOANNIS",40:00,00:00,"ZAMOJSKI, JAKUB","DRAGOJEVIC, IGOR","BOUBERT, MAXIME",ULKER SPORTS AND EVENT HALL,8153,80,28,23,5,3,26,35,57,76,18,34,57,85,,,,,,,,
E2023_155,TEL-MCO,2024-01-02,20:05:00,18,REGULAR SEASON,E2023,93,83,MACCABI PLAYTIKA TEL AVIV,AS MONACO,TEL,MCO,"KATTASH, ODED","OBRADOVIC, SASA",40:00,00:00,"BELOSEVIC, ILIJA","NEDOVIC, MILAN","RACYS, SAULIUS",ALEKSANDAR NIKOLIC HALL,0,80,23,18,3,5,22,49,64,93,12,35,54,83,,,,,,,,
E2023_156,OLY-MIL,2024-01-02,20:15:00,18,REGULAR SEASON,E2023,79,74,OLYMPIACOS PIRAEUS,EA7 EMPORIO ARMANI MILAN,OLY,MIL,"BARTZOKAS, GEORGIOS","MESSINA, ETTORE",40:00,00:00,"LOTTERMOSER, ROBERT","PUKL,SASA","KARDUM, LUKA",PEACE AND FRIENDSHIP STADIUM,12117,80,17,16,2,3,18,40,63,79,19,35,50,74,,,,,,,,
E2023_157,PAR-ASV,2024-01-02,20:45:00,18,REGULAR SEASON,E2023,90,77,PARTIZAN MOZZART BET BELGRADE,LDLC ASVEL VILLEURBANNE,PAR,ASV,"OBRADOVIC, ZELJKO","POZZECCO, GIANMARCO",40:00,00:00,"PEREZ, MIGUEL ANGEL","FOUFIS, IOANNIS","VILIUS, GYTIS",STARK ARENA,20012,80,18,17,4,2,23,50,69,90,17,31,45,77,,,,,,,,
E2023_158,ZAL-BER,2024-01-02,19:00:00,18,REGULAR SEASON,E2023,77,71,ZALGIRIS KAUNAS,ALBA BERLIN,ZAL,BER,"TRINCHIERI, ANDREA","GONZALEZ, ISRAEL",40:00,00:00,"PERUGA, CARLOS","PETEK, SASO","UDYANSKYY, EDUARD",ZALGIRIO ARENA,14715,80,21,21,4,2,22,48,61,77,25,41,52,71,,,,,,,,
E2023_159,BAR-MAD,2024-01-03,21:00:00,18,REGULAR SEASON,E2023,83,78,FC BARCELONA,REAL MADRID,BAR,MAD,"GRIMAU, ROGER","MATEO, CHUS",40:00,00:00,"MOGULKOC, EMIN","DIFALLAH, MEHDI","KONSTANTINOVS, KRISTAPS",PALAU BLAUGRANA,7596,80,17,14,3,5,21,45,60,83,25,47,62,78,,,,,,,,
E2023_160,BAS-PAN,2024-01-03,20:30:00,18,REGULAR SEASON,E2023,75,73,BASKONIA VITORIA-GASTEIZ,PANATHINAIKOS AKTOR ATHENS,BAS,PAN,"IVANOVIC, DUSKO","ATAMAN, ERGIN",40:00,00:00,"PATERNICO, CARMELO","PANTHER, ANNE","THEPENIER, HUGUES",BUESA ARENA,12719,80,23,22,4,5,13,26,50,75,12,37,53,73,,,,,,,,
E2023_161,PAM-IST,2024-01-03,19:30:00,18,REGULAR SEASON,E2023,93,88,VALENCIA BASKET,ANADOLU EFES ISTANBUL,PAM,IST,"MUMBRU, ALEX","CAN, ERDEM",40:00,00:00,"JAVOR, DAMIR","BISSANG, JOSEPH","SUKYS, ARTURAS",PABELLON FUENTE DE SAN LUIS,6901,80,15,19,3,4,18,43,71,93,18,45,66,88,,,,,,,,
E2023_162,VIR-MUN,2024-01-03,20:30:00,18,REGULAR SEASON,E2023,85,83,VIRTUS SEGAFREDO BOLOGNA,FC BAYERN MUNICH,VIR,MUN,"BANCHI, LUCA","LASO, PABLO",40:00,00:00,"NIKOLIC, UROS","MAJKIC, MARIO","BAENA, ALBERTO",VIRTUS SEGAFREDO ARENA,9678,80,19,21,4,4,22,42,65,85,24,46,69,83,,,,,,,,
E2023_163,RED-PAR,2024-01-04,20:00:00,19,REGULAR SEASON,E2023,88,72,CRVENA ZVEZDA MERIDIANBET BELGRADE,PARTIZAN MOZZART BET BELGRADE,RED,PAR,"SFAIROPOULOS, IOANNIS","OBRADOVIC, ZELJKO",40:00,00:00,"ROCHA, FERNANDO","PERUGA, CARLOS","PASTUSIAK, PIOTR",STARK ARENA,20143,80,23,21,4,5,24,50,65,88,13,29,48,72,,,,,,,,
E2023_164,ASV-ZAL,2024-01-04,20:00:00,19,REGULAR SEASON,E2023,93,79,LDLC ASVEL VILLEURBANNE,ZALGIRIS KAUNAS,ASV,ZAL,"POZZECCO, GIANMARCO","TRINCHIERI, ANDREA",40:00,00:00,"GARCIA, JUAN CARLOS","ZAMOJSKI, JAKUB","PEER, ADAR",ASTROBALLE,5560,80,20,24,4,5,23,51,72,93,17,43,59,79,,,,,,,,
E2023_165,ULK-TEL,2024-01-04,18:45:00,19,REGULAR SEASON,E2023,109,74,FENERBAHCE BEKO ISTANBUL,MACCABI PLAYTIKA TEL AVIV,ULK,TEL,"JASIKEVICIUS, SARUNAS","KATTACHE, DAVID ODED",40:00,00:00,"LOTTERMOSER, ROBERT","VILIUS, GYTIS","KOWALSKI, MARCIN",KALNAPILIO ARENA,2938,80,19,18,2,3,22,57,80,109,22,31,48,74,,,,,,,,
E2023_166,OLY-MCO,2024-01-04,20:15:00,19,REGULAR SEASON,E2023,75,73,OLYMPIACOS PIRAEUS,AS MONACO,OLY,MCO,"BARTZOKAS, GEORGIOS","OBRADOVIC, SASA",40:00,00:00,"LATISEVS, OLEGS","PEERANDI, RAIN","ROSSI, MICHELE",PEACE AND FRIENDSHIP STADIUM,12237,80,18,20,2,5,17,34,56,75,21,36,58,73,,,,,,,,
E2023_167,BER-VIR,2024-01-05,19:00:00,19,REGULAR SEASON,E2023,68,83,ALBA BERLIN,VIRTUS SEGAFREDO BOLOGNA,BER,VIR,"GONZALEZ, ISRAEL","BANCHI, LUCA",40:00,00:00,"ALIAGA, JORDI","TRAWICKI, TOMASZ","JURAS, MARKO",MERCEDES-BENZ ARENA,9589,80,16,19,1,4,9,27,51,68,26,48,63,83,,,,,,,,
E2023_168,MIL-MUN,2024-01-05,20:30:00,19,REGULAR SEASON,E2023,76,62,EA7 EMPORIO ARMANI MILAN,FC BAYERN MUNICH,MIL,MUN,"MESSINA, ETTORE","LASO BIURRUN, PABLO",40:00,00:00,"MOGULKOC, EMIN","HORDOV, TOMISLAV","CORTES, CARLOS",FORUM,10573,80,25,16,2,3,19,34,50,76,12,27,47,62,,,,,,,,
E2023_169,BAR-BAS,2024-01-05,20:30:00,19,REGULAR SEASON,E2023,89,85,FC BARCELONA,BASKONIA VITORIA-GASTEIZ,BAR,BAS,"GRIMAU, ROGER","IVANOVIC, DUSKO",40:00,00:00,"JAVOR, DAMIR","KOLJENSIC, MILOS","LEZCANO, LEANDRO",PALAU BLAUGRANA,4971,80,16,20,4,4,24,47,62,89,23,42,68,85,,,,,,,,
E2023_170,MAD-IST,2024-01-05,20:45:00,19,REGULAR SEASON,E2023,130,126,REAL MADRID,ANADOLU EFES ISTANBUL,MAD,IST,"MATEO, CHUS","CAN, ERDEM",60:00,00:00,"BOLTAUZER, MATEJ","VYKLICKY, ROBERT","SILVA, SERGIO",WIZINK CENTER,8221,80,24,26,6,8,25,38,64,81,18,36,61,81,91.0,102.0,111.0,130.0,91.0,102.0,111.0,126.0
E2023_171,PAM-PAN,2024-01-05,20:30:00,19,REGULAR SEASON,E2023,81,82,VALENCIA BASKET,PANATHINAIKOS AKTOR ATHENS,PAM,PAN,"MUMBRU, ALEX","ATAMAN, ERGIN",40:00,00:00,"DIFALLAH, MEHDI","JOVCIC, MILIVOJE","SHEMMESH, SEFFI",PABELLON FUENTE DE SAN LUIS,6056,80,24,17,5,3,23,47,69,81,22,47,66,82,,,,,,,,
E2023_172,ULK-PAR,2024-01-09,18:30:00,20,REGULAR SEASON,E2023,91,76,FENERBAHCE BEKO ISTANBUL,PARTIZAN MOZZART BET BELGRADE,ULK,PAR,"JASIKEVICIUS, SARAS","OBRADOVIC, ZELJKO",40:00,00:00,"DIFALLAH, MEHDI","NEDOVIC, MILAN","ALIAGA, JORDI",ULKER SPORTS AND EVENT HALL,9374,80,23,20,4,5,19,43,68,91,31,48,64,76,,,,,,,,
E2023_173,MCO-BAS,2024-01-09,19:00:00,20,REGULAR SEASON,E2023,93,83,AS MONACO,BASKONIA VITORIA-GASTEIZ,MCO,BAS,"OBRADOVIC, SASA","IVANOVIC, DUSKO",40:00,00:00,"LOTTERMOSER, ROBERT","NIKOLIC, UROS","SUKYS, ARTURAS",SALLE GASTON MEDECIN,4102,80,22,21,3,4,21,43,71,93,22,39,59,83,,,,,,,,
E2023_174,PAN-IST,2024-01-09,20:15:00,20,REGULAR SEASON,E2023,83,76,PANATHINAIKOS AKTOR ATHENS,ANADOLU EFES ISTANBUL,PAN,IST,"ATAMAN, ERGIN","CAN, ERDEM",40:00,00:00,"BELOSEVIC, ILIJA","PERUGA, CARLOS","VILIUS, GYTIS",OAKA Altion,15422,80,16,21,2,5,25,51,68,83,14,35,57,76,,,,,,,,
E2023_175,ASV-RED,2024-01-09,20:30:00,20,REGULAR SEASON,E2023,100,91,LDLC ASVEL VILLEURBANNE,CRVENA ZVEZDA MERIDIANBET BELGRADE,ASV,RED,"POUPET, PIERRIC","SFAIROPOULOS, IOANNIS",40:00,00:00,"JAVOR, DAMIR","PATERNICO, CARMELO","RACYS, SAULIUS",ASTROBALLE,5476,80,20,25,1,5,25,48,70,100,25,45,67,91,,,,,,,,
E2023_176,PAM-ZAL,2024-01-09,20:30:00,20,REGULAR SEASON,E2023,79,84,VALENCIA BASKET,ZALGIRIS KAUNAS,PAM,ZAL,"MUMBRU, ALEX","TRINCHIERI, ANDREA",40:00,00:00,"MOGULKOC, EMIN","FOUFIS, IOANNIS","KARDUM, LUKA",PABELLON FUENTE DE SAN LUIS,5987,80,20,22,4,4,21,42,64,79,27,48,62,84,,,,,,,,
E2023_177,MIL-BER,2024-01-09,20:30:00,20,REGULAR SEASON,E2023,82,76,EA7 EMPORIO ARMANI MILAN,ALBA BERLIN,MIL,BER,"MESSINA, ETTORE","GONZALEZ NUNEZ, ISRAEL",40:00,00:00,"GARCIA, JUAN CARLOS","PEERANDI, RAIN","MAJKIC, MARIO",FORUM,8720,80,16,16,2,0,16,37,60,82,17,35,58,76,,,,,,,,
E2023_178,MUN-MAD,2024-01-09,20:00:00,20,REGULAR SEASON,E2023,71,92,FC BAYERN MUNICH,REAL MADRID,MUN,MAD,"LASO, PABLO","MATEO, CHUS",40:00,00:00,"RADOVIC, SRETEN","PUKL,SASA","SHEMMESH, SEFFI",BMW PARK,0,80,20,11,3,1,18,36,53,71,24,45,64,92,,,,,,,,
E2023_179,BAR-OLY,2024-01-10,20:30:00,20,REGULAR SEASON,E2023,86,78,FC BARCELONA,OLYMPIACOS PIRAEUS,BAR,OLY,"GRIMAU, ROGER","BARTZOKAS, GEORGIOS",40:00,00:00,"BOLTAUZER, MATEJ","JOVCIC, MILIVOJE","ZAMOJSKI, JAKUB",PALAU BLAUGRANA,6053,80,19,18,4,5,27,44,75,86,20,41,63,78,,,,,,,,
E2023_180,TEL-VIR,2024-01-10,21:00:00,20,REGULAR SEASON,E2023,95,78,MACCABI PLAYTIKA TEL AVIV,VIRTUS SEGAFREDO BOLOGNA,TEL,VIR,"KATTASH, ODED","BANCHI, LUCA",40:00,00:00,"ROCHA, FERNANDO","PEREZ, EMILIO","BISSANG, JOSEPH",ALEKSANDAR NIKOLIC HALL,0,80,20,21,2,4,18,46,70,95,21,45,60,78,,,,,,,,
E2023_181,ULK-MUN,2024-01-11,18:45:00,21,REGULAR SEASON,E2023,98,91,FENERBAHCE BEKO ISTANBUL,FC BAYERN MUNICH,ULK,MUN,"JASIKEVICIUS, SARAS","LASO, PABLO",45:00,00:00,"GARCIA, JUAN CARLOS","PERUGA, CARLOS","UDYANSKYY, EDUARD",ULKER SPORTS AND EVENT HALL,9622,90,19,25,4,5,22,38,57,81,22,39,59,81,98.0,,,,91.0,,,
E2023_182,PAN-MCO,2024-01-11,20:15:00,21,REGULAR SEASON,E2023,88,63,PANATHINAIKOS AKTOR ATHENS,AS MONACO,PAN,MCO,"ATAMAN, ERGIN","OBRADOVIC, SASA",40:00,00:00,"PEREZ, MIGUEL ANGEL","HORDOV, TOMISLAV","SILVA, SERGIO",OAKA Altion,17141,80,15,16,2,2,27,43,64,88,12,30,44,63,,,,,,,,
E2023_183,MIL-RED,2024-01-11,20:30:00,21,REGULAR SEASON,E2023,62,76,EA7 EMPORIO ARMANI MILAN,CRVENA ZVEZDA MERIDIANBET BELGRADE,MIL,RED,"MESSINA, ETTORE","SFAIROPOULOS, IOANNIS",40:00,00:00,"LATISEVS, OLEGS","ALIAGA, JORDI","KOWALSKI, MARCIN",FORUM,9358,80,21,25,4,4,15,31,47,62,23,47,57,76,,,,,,,,
E2023_184,MAD-PAM,2024-01-11,20:45:00,21,REGULAR SEASON,E2023,96,86,REAL MADRID,VALENCIA BASKET,MAD,PAM,"MATEO, CHUS","MUMBRU, ALEX",45:00,00:00,"LOTTERMOSER, ROBERT","KOLJENSIC, MILOS","NIKOLIC, UROS",WIZINK CENTER,8264,90,18,25,3,6,16,35,58,82,24,40,55,82,96.0,,,,86.0,,,
E2023_185,IST-VIR,2024-01-12,18:30:00,21,REGULAR SEASON,E2023,99,75,ANADOLU EFES ISTANBUL,VIRTUS SEGAFREDO BOLOGNA,IST,VIR,"CAN, ERDEM","BANCHI, LUCA",40:00,00:00,"DIFALLAH, MEHDI","NEDOVIC, MILAN","CORTES, CARLOS",SINAN ERDEM SPORTS HALL,8904,80,20,22,1,5,26,50,73,99,15,29,54,75,,,,,,,,
E2023_186,ASV-BER,2024-01-12,21:00:00,21,REGULAR SEASON,E2023,63,88,LDLC ASVEL VILLEURBANNE,ALBA BERLIN,ASV,BER,"POUPET, PIERRIC","GONZALEZ, ISRAEL",40:00,00:00,"MOGULKOC, EMIN","VYKLICKY, ROBERT","BAENA, ALBERTO",ASTROBALLE,5560,80,16,17,3,0,20,37,50,63,19,41,62,88,,,,,,,,
E2023_187,BAR-ZAL,2024-01-12,20:30:00,21,REGULAR SEASON,E2023,91,73,FC BARCELONA,ZALGIRIS KAUNAS,BAR,ZAL,"GRIMAU, ROGER","TRINCHIERI, ANDREA",40:00,00:00,"PATERNICO, CARMELO","DRAGOJEVIC, IGOR","THEPENIER, HUGUES",PALAU BLAUGRANA,6655,80,22,21,3,5,26,44,68,91,12,37,57,73,,,,,,,,
E2023_188,BAS-OLY,2024-01-12,20:30:00,21,REGULAR SEASON,E2023,80,69,BASKONIA VITORIA-GASTEIZ,OLYMPIACOS PIRAEUS,BAS,OLY,"IVANOVIC, DUSKO","BARTZOKAS, GEORGIOS",40:00,00:00,"ROCHA, FERNANDO","PASTUSIAK, PIOTR","KONSTANTINOVS, KRISTAPS",BUESA ARENA,10174,80,14,14,2,4,14,33,59,80,17,32,49,69,,,,,,,,
E2023_189,PAR-TEL,2024-01-12,20:30:00,21,REGULAR SEASON,E2023,88,79,PARTIZAN MOZZART BET BELGRADE,MACCABI PLAYTIKA TEL AVIV,PAR,TEL,"OBRADOVIC, ZELJKO","KATTASH, ODED",40:00,00:00,"BOLTAUZER, MATEJ","ZAMOJSKI, JAKUB","PEERANDI, RAIN",STARK ARENA,20066,80,23,24,2,5,11,36,67,88,29,52,67,79,,,,,,,,
E2023_190,BER-MUN,2024-01-18,20:00:00,22,REGULAR SEASON,E2023,65,82,ALBA BERLIN,FC BAYERN MUNICH,BER,MUN,"GONZALEZ, ISRAEL","LASO, PABLO",40:00,00:00,"PEREZ, MIGUEL ANGEL","NIKOLIC, UROS","RADOJKOVIC, JOSIP",MERCEDES-BENZ ARENA,10229,80,15,18,3,1,19,30,51,65,19,43,66,82,,,,,,,,
E2023_191,RED-BAS,2024-01-18,19:00:00,22,REGULAR SEASON,E2023,90,91,CRVENA ZVEZDA MERIDIANBET BELGRADE,BASKONIA VITORIA-GASTEIZ,RED,BAS,"SFAIROPOULOS, IOANNIS","IVANOVIC, DUSKO",40:00,00:00,"BOLTAUZER, MATEJ","NEDOVIC, MILAN","CELIK, HUSEYIN",STARK ARENA,20270,80,16,22,5,4,30,52,62,90,20,43,69,91,,,,,,,,
E2023_192,VIR-ASV,2024-01-18,20:30:00,22,REGULAR SEASON,E2023,73,63,VIRTUS SEGAFREDO BOLOGNA,LDLC ASVEL VILLEURBANNE,VIR,ASV,"BANCHI, LUCA","POUPET, PIERRIC",40:00,00:00,"PERUGA, CARLOS","PEERANDI, RAIN","SILVA, SERGIO",VIRTUS SEGAFREDO ARENA,7820,80,16,16,4,2,19,27,45,73,10,32,54,63,,,,,,,,
E2023_193,IST-BAR,2024-01-18,18:30:00,22,REGULAR SEASON,E2023,98,74,ANADOLU EFES ISTANBUL,FC BARCELONA,IST,BAR,"CAN, ERDEM","GRIMAU, ROGER",40:00,00:00,"HORDOV, TOMISLAV","FOUFIS, IOANNIS","TSAROUCHA, VASILIKI",SINAN ERDEM SPORTS HALL,15124,80,16,15,2,4,18,42,72,98,13,39,60,74,,,,,,,,
E2023_194,OLY-TEL,2024-01-18,20:15:00,22,REGULAR SEASON,E2023,89,72,OLYMPIACOS PIRAEUS,MACCABI PLAYTIKA TEL AVIV,OLY,TEL,"BARTZOKAS, GEORGIOS","KATTASH, ODED",40:00,00:00,"JAVOR, DAMIR","CORTES, CARLOS","UDYANSKYY, EDUARD",PEACE AND FRIENDSHIP STADIUM,12179,80,19,20,1,4,26,42,69,89,18,36,57,72,,,,,,,,
E2023_195,MCO-MAD,2024-01-19,20:00:00,22,REGULAR SEASON,E2023,98,74,AS MONACO,REAL MADRID,MCO,MAD,"OBRADOVIC, SASA","MATEO, CHUS",40:00,00:00,"LATISEVS, OLEGS","VILIUS, GYTIS","PETEK, SASO",SALLE GASTON MEDECIN,5000,80,20,18,3,5,33,56,80,98,20,40,54,74,,,,,,,,
E2023_196,PAN-PAR,2024-01-19,20:15:00,22,REGULAR SEASON,E2023,84,71,PANATHINAIKOS AKTOR ATHENS,PARTIZAN MOZZART BET BELGRADE,PAN,PAR,"ATAMAN, ERGIN","OBRADOVIC, ZELJKO",40:00,00:00,"GARCIA, JUAN CARLOS","MOGULKOC, EMIN","BOUBERT, MAXIME",OAKA Altion,18123,80,19,29,1,5,18,42,58,84,16,40,58,71,,,,,,,,
E2023_197,PAM-MIL,2024-01-19,20:30:00,22,REGULAR SEASON,E2023,84,72,VALENCIA BASKET,EA7 EMPORIO ARMANI MILAN,PAM,MIL,"MUMBRU, ALEX","MESSINA, ETTORE",40:00,00:00,"ROCHA, FERNANDO","ZAMOJSKI, JAKUB","VYKLICKY, ROBERT",PABELLON FUENTE DE SAN LUIS,6107,80,17,16,2,4,21,32,61,84,19,40,59,72,,,,,,,,
E2023_198,ZAL-ULK,2024-01-19,19:00:00,22,REGULAR SEASON,E2023,98,75,ZALGIRIS KAUNAS,FENERBAHCE BEKO ISTANBUL,ZAL,ULK,"TRINCHIERI, ANDREA","JASIKEVICIUS, SARAS",40:00,00:00,"BELOSEVIC, ILIJA","BISSANG, JOSEPH","BISSUEL, THOMAS",ZALGIRIO ARENA,15105,80,22,17,2,4,20,43,66,98,14,35,55,75,,,,,,,,
E2023_199,BER-RED,2024-01-25,20:00:00,23,REGULAR SEASON,E2023,89,80,ALBA BERLIN,CRVENA ZVEZDA MERIDIANBET BELGRADE,BER,RED,"GONZALEZ, ISRAEL","SFAIROPOULOS, IOANNIS",40:00,00:00,"PERUGA, CARLOS","ROSSI, MICHELE","POROBIC, DRAGAN",MERCEDES-BENZ ARENA,8579,80,23,24,1,5,18,51,72,89,16,36,54,80,,,,,,,,
E2023_200,MUN-ASV,2024-01-25,20:30:00,23,REGULAR SEASON,E2023,64,76,FC BAYERN MUNICH,LDLC ASVEL VILLEURBANNE,MUN,ASV,"LASO, PABLO","POUPET, PIERRIC",40:00,00:00,"JOVCIC, MILIVOJE","VILIUS, GYTIS","CORTES, CARLOS",BMW PARK,6046,80,20,20,4,2,19,29,50,64,20,40,59,76,,,,,,,,
E2023_201,ULK-VIR,2024-01-25,18:45:00,23,REGULAR SEASON,E2023,88,75,FENERBAHCE BEKO ISTANBUL,VIRTUS SEGAFREDO BOLOGNA,ULK,VIR,"JASIKEVICIUS, SARAS","BANCHI, LUCA",40:00,00:00,"BOLTAUZER, MATEJ","LATISEVS, OLEGS","BITTNER, STEVE",ULKER SPORTS AND EVENT HALL,11814,80,29,22,3,3,21,52,71,88,25,47,56,75,,,,,,,,
E2023_202,TEL-PAN,2024-01-25,20:05:00,23,REGULAR SEASON,E2023,90,75,MACCABI PLAYTIKA TEL AVIV,PANATHINAIKOS AKTOR ATHENS,TEL,PAN,"KATTASH, ODED","ATAMAN, ERGIN",40:00,00:00,"LOTTERMOSER, ROBERT","NIKOLIC, UROS","PETEK, SASO",ALEKSANDAR NIKOLIC HALL,0,80,23,21,2,2,18,43,62,90,21,36,59,75,,,,,,,,
E2023_203,MAD-OLY,2024-01-25,20:45:00,23,REGULAR SEASON,E2023,90,85,REAL MADRID,OLYMPIACOS PIRAEUS,MAD,OLY,"MATEO, CHUS","BARTZOKAS, GEORGIOS",40:00,00:00,"BELOSEVIC, ILIJA","PATERNICO, CARMELO","RACYS, SAULIUS",WIZINK CENTER,10432,80,24,20,3,4,30,52,68,90,13,30,55,85,,,,,,,,
E2023_204,IST-MCO,2024-01-26,18:30:00,23,REGULAR SEASON,E2023,78,80,ANADOLU EFES ISTANBUL,AS MONACO,IST,MCO,"CAN, ERDEM","OBRADOVIC, SASA",40:00,00:00,"GARCIA, JUAN CARLOS","ROCHA, FERNANDO","VAN DEN BROECK, NICK",SINAN ERDEM SPORTS HALL,14842,80,19,18,3,5,23,43,60,78,22,39,65,80,,,,,,,,
E2023_205,MIL-BAR,2024-01-26,20:30:00,23,REGULAR SEASON,E2023,74,70,EA7 EMPORIO ARMANI MILAN,FC BARCELONA,MIL,BAR,"MESSINA, ETTORE","GRIMAU GRAGERA, ROGER",40:00,00:00,"DIFALLAH, MEHDI","NEDOVIC, MILAN","RADOJKOVIC, JOSIP",FORUM,11678,80,19,25,4,5,23,47,57,74,12,28,49,70,,,,,,,,
E2023_206,PAR-ZAL,2024-01-26,20:30:00,23,REGULAR SEASON,E2023,81,72,PARTIZAN MOZZART BET BELGRADE,ZALGIRIS KAUNAS,PAR,ZAL,"OBRADOVIC, ZELJKO","TRINCHIERI, ANDREA",40:00,00:00,"PEREZ, EMILIO","HORDOV, TOMISLAV","PITSILKAS, VASSILIS",STARK ARENA,20017,80,20,23,3,5,22,45,61,81,26,43,59,72,,,,,,,,
E2023_207,BAS-PAM,2024-01-26,20:30:00,23,REGULAR SEASON,E2023,62,77,BASKONIA VITORIA-GASTEIZ,VALENCIA BASKET,BAS,PAM,"IVANOVIC, DUSKO","MUMBRU, ALEX",40:00,00:00,"RADOVIC, SRETEN","PUKL,SASA","JURAS, MARKO",BUESA ARENA,10391,80,13,21,4,3,13,29,48,62,16,45,58,77,,,,,,,,
E2023_208,RED-PAM,2024-01-30,20:00:00,24,REGULAR SEASON,E2023,82,64,CRVENA ZVEZDA MERIDIANBET BELGRADE,VALENCIA BASKET,RED,PAM,"SFAIROPOULOS, IOANNIS","MUMBRU, ALEX",40:00,00:00,"LOTTERMOSER, ROBERT","MOGULKOC, EMIN","PETEK, SASO",STARK ARENA,18346,80,25,17,2,3,11,39,61,82,12,30,49,64,,,,,,,,
E2023_209,MUN-BAS,2024-01-30,20:00:00,24,REGULAR SEASON,E2023,112,109,FC BAYERN MUNICH,BASKONIA VITORIA-GASTEIZ,MUN,BAS,"LASO, PABLO","IVANOVIC, DUSKO",45:00,00:00,"DIFALLAH, MEHDI","PATERNICO, CARMELO","BOUBERT, MAXIME",BMW PARK,0,90,21,24,5,5,25,56,82,94,19,52,76,94,112.0,,,,109.0,,,
E2023_210,ASV-ULK,2024-01-30,20:00:00,24,REGULAR SEASON,E2023,73,83,LDLC ASVEL VILLEURBANNE,FENERBAHCE BEKO ISTANBUL,ASV,ULK,"POUPET, PIERRIC","JASIKEVICIUS, SARAS",40:00,00:00,"GARCIA, JUAN CARLOS","NEDOVIC, MILAN","KOWALSKI, MARCIN",LDLC ARENA,8722,80,20,23,1,3,18,42,56,73,16,39,67,83,,,,,,,,
E2023_211,OLY-BER,2024-01-30,20:15:00,24,REGULAR SEASON,E2023,101,87,OLYMPIACOS PIRAEUS,ALBA BERLIN,OLY,BER,"BARTZOKAS, GEORGIOS","GONZALEZ, ISRAEL",40:00,00:00,"PEREZ, EMILIO","ZAMOJSKI, JAKUB","OBRKNEZEVIC, UROS",PEACE AND FRIENDSHIP STADIUM,9887,80,18,10,2,3,20,45,78,101,17,48,61,87,,,,,,,,
E2023_212,MAD-TEL,2024-01-30,20:30:00,24,REGULAR SEASON,E2023,106,101,REAL MADRID,MACCABI PLAYTIKA TEL AVIV,MAD,TEL,"MATEO, CHUS","KATTASH, ODED",40:00,00:00,"RADOVIC, SRETEN","ROCHA, FERNANDO","SUKYS, ARTURAS",WIZINK CENTER,8326,80,16,25,4,5,29,52,80,106,18,45,73,101,,,,,,,,
E2023_213,MCO-PAR,2024-01-31,19:00:00,24,REGULAR SEASON,E2023,85,70,AS MONACO,PARTIZAN MOZZART BET BELGRADE,MCO,PAR,"OBRADOVIC, SASA","OBRADOVIC, ZELJKO",40:00,00:00,"PEREZ, MIGUEL ANGEL","ALIAGA, JORDI","RADOJKOVIC, JOSIP",SALLE GASTON MEDECIN,5000,80,22,21,3,5,14,44,65,85,16,38,61,70,,,,,,,,
E2023_214,BAR-VIR,2024-01-31,20:30:00,24,REGULAR SEASON,E2023,84,57,FC BARCELONA,VIRTUS SEGAFREDO BOLOGNA,BAR,VIR,"GRIMAU, ROGER","BANCHI, LUCA",40:00,00:00,"BELOSEVIC, ILIJA","NIKOLIC, UROS","CICI, GENTIAN",PALAU BLAUGRANA,6588,80,14,16,2,5,20,41,61,84,17,27,44,57,,,,,,,,
E2023_215,PAN-MIL,2024-01-31,20:15:00,24,REGULAR SEASON,E2023,79,62,PANATHINAIKOS AKTOR ATHENS,EA7 EMPORIO ARMANI MILAN,PAN,MIL,"ATAMAN, ERGIN","MESSINA, ETTORE",40:00,00:00,"JAVOR, DAMIR","VILIUS, GYTIS","KONSTANTINOVS, KRISTAPS",OAKA Altion,13835,80,17,21,0,2,21,44,57,79,16,28,41,62,,,,,,,,
E2023_216,ZAL-IST,2024-01-31,19:00:00,24,REGULAR SEASON,E2023,96,70,ZALGIRIS KAUNAS,ANADOLU EFES ISTANBUL,ZAL,IST,"TRINCHIERI, ANDREA","CAN, ERDEM",40:00,00:00,"PERUGA, CARLOS","KOLJENSIC, MILOS","UDYANSKYY, EDUARD",ZALGIRIO ARENA,14653,80,19,17,4,4,34,58,76,96,14,37,59,70,,,,,,,,
E2023_217,BER-PAM,2024-02-01,20:00:00,25,REGULAR SEASON,E2023,66,81,ALBA BERLIN,VALENCIA BASKET,BER,PAM,"GONZALEZ, ISRAEL","MUMBRU, ALEX",40:00,00:00,"PATERNICO, CARMELO","DIFALLAH, MEHDI","BISSUEL, THOMAS",MERCEDES-BENZ ARENA,9235,80,19,23,2,1,15,30,45,66,20,42,65,81,,,,,,,,
E2023_218,MUN-OLY,2024-02-01,20:30:00,25,REGULAR SEASON,E2023,72,76,FC BAYERN MUNICH,OLYMPIACOS PIRAEUS,MUN,OLY,"LASO, PABLO","BARTZOKAS, GEORGIOS",40:00,00:00,"GARCIA, JUAN CARLOS","BISSANG, JOSEPH","DRAGOJEVIC, IGOR",BMW PARK,0,80,16,18,4,3,14,38,51,72,18,35,54,76,,,,,,,,
E2023_219,MAD-ASV,2024-02-01,20:45:00,25,REGULAR SEASON,E2023,86,79,REAL MADRID,LDLC ASVEL VILLEURBANNE,MAD,ASV,"MATEO, CHUS","POUPET, PIERRIC",40:00,00:00,"HORDOV, TOMISLAV","SHEMMESH, SEFFI","LEZCANO, LEANDRO",WIZINK CENTER,5984,80,15,18,0,1,24,45,62,86,18,35,50,79,,,,,,,,
E2023_220,BAS-TEL,2024-02-01,20:30:00,25,REGULAR SEASON,E2023,92,82,BASKONIA VITORIA-GASTEIZ,MACCABI PLAYTIKA TEL AVIV,BAS,TEL,"IVANOVIC, DUSKO","KATTASH, ODED",40:00,00:00,"MOGULKOC, EMIN","JOVCIC, MILIVOJE","KOWALSKI, MARCIN",BUESA ARENA,8057,80,16,14,4,5,20,54,73,92,26,47,63,82,,,,,,,,
E2023_221,IST-MIL,2024-02-02,18:30:00,25,REGULAR SEASON,E2023,79,73,ANADOLU EFES ISTANBUL,EA7 EMPORIO ARMANI MILAN,IST,MIL,"MIJATOVIC, TOMISLAV","MESSINA, ETTORE",40:00,00:00,"PEREZ, MIGUEL ANGEL","KARDUM, LUKA","BAENA, ALBERTO",SINAN ERDEM SPORTS HALL,12074,80,13,17,2,4,15,34,64,79,15,43,50,73,,,,,,,,
E2023_222,MCO-ULK,2024-02-02,20:30:00,25,REGULAR SEASON,E2023,76,69,AS MONACO,FENERBAHCE BEKO ISTANBUL,MCO,ULK,"OBRADOVIC, SASA","JASIKEVICIUS, SARAS",40:00,00:00,"JAVOR, DAMIR","FOUFIS, IOANNIS","BALAK, AMIT",SALLE GASTON MEDECIN,4654,80,21,28,4,4,21,36,55,76,25,44,61,69,,,,,,,,
E2023_223,RED-BAR,2024-02-02,20:00:00,25,REGULAR SEASON,E2023,76,85,CRVENA ZVEZDA MERIDIANBET BELGRADE,FC BARCELONA,RED,BAR,"SFAIROPOULOS, IOANNIS","GRIMAU, ROGER",40:00,00:00,"ROCHA, FERNANDO","RACYS, SAULIUS","KONSTANTINOVS, KRISTAPS",STARK ARENA,20875,80,16,20,4,3,17,32,51,76,18,45,64,85,,,,,,,,
E2023_224,VIR-PAR,2024-02-02,20:30:00,25,REGULAR SEASON,E2023,88,84,VIRTUS SEGAFREDO BOLOGNA,PARTIZAN MOZZART BET BELGRADE,VIR,PAR,"BANCHI, LUCA","OBRADOVIC, ZELJKO",40:00,00:00,"LOTTERMOSER, ROBERT","PUKL,SASA","TRAWICKI, TOMASZ",VIRTUS SEGAFREDO ARENA,9601,80,24,25,3,5,19,35,62,86,19,31,58,84,,,,,,,,
E2023_225,ZAL-PAN,2024-02-02,19:00:00,25,REGULAR SEASON,E2023,80,68,ZALGIRIS KAUNAS,PANATHINAIKOS AKTOR ATHENS,ZAL,PAN,"TRINCHIERI, ANDREA","ATAMAN, ERGIN",40:00,00:00,"RADOVIC, SRETEN","PASTUSIAK, PIOTR","CORTES, CARLOS",ZALGIRIO ARENA,15074,80,22,13,2,2,25,44,64,80,25,38,56,68,,,,,,,,
E2023_226,MIL-MAD,2024-02-08,20:30:00,26,REGULAR SEASON,E2023,81,76,EA7 EMPORIO ARMANI MILAN,REAL MADRID,MIL,MAD,"MESSINA, ETTORE","MATEO DIEZ, JESUS ALFONSO",40:00,00:00,"BOLTAUZER, MATEJ","DIFALLAH, MEHDI","TRAWICKI, TOMASZ",FORUM,12000,80,22,24,3,5,23,48,66,81,19,29,54,76,,,,,,,,
E2023_227,IST-TEL,2024-02-08,18:30:00,26,REGULAR SEASON,E2023,105,91,ANADOLU EFES ISTANBUL,MACCABI PLAYTIKA TEL AVIV,IST,TEL,"MIJATOVIC, TOMISLAV","KATTASH, ODED",40:00,00:00,"PEREZ, EMILIO","LATISEVS, OLEGS","THEPENIER, HUGUES",ARENA RIGA,7493,80,20,20,3,4,29,50,77,105,27,51,75,91,,,,,,,,
E2023_228,PAM-OLY,2024-02-08,20:30:00,26,REGULAR SEASON,E2023,65,78,VALENCIA BASKET,OLYMPIACOS PIRAEUS,PAM,OLY,"MUMBRU, ALEX","BARTZOKAS, GEORGIOS",40:00,00:00,"RADOVIC, SRETEN","PUKL,SASA","VILIUS, GYTIS",PABELLON FUENTE DE SAN LUIS,7017,80,25,24,3,3,19,39,48,65,21,40,60,78,,,,,,,,
E2023_229,PAR-MUN,2024-02-08,20:30:00,26,REGULAR SEASON,E2023,78,79,PARTIZAN MOZZART BET BELGRADE,FC BAYERN MUNICH,PAR,MUN,"OBRADOVIC, ZELJKO","LASO, PABLO",40:00,00:00,"ROCHA, FERNANDO","PERUGA, CARLOS","RACYS, SAULIUS",STARK ARENA,20174,80,23,17,5,5,23,45,63,78,26,41,59,79,,,,,,,,
E2023_230,BAS-ASV,2024-02-08,20:30:00,26,REGULAR SEASON,E2023,94,80,BASKONIA VITORIA-GASTEIZ,LDLC ASVEL VILLEURBANNE,BAS,ASV,"IVANOVIC, DUSKO","POUPET, PIERRIC",40:00,00:00,"BELOSEVIC, ILIJA","NIKOLIC, UROS","PASTUSIAK, PIOTR",BUESA ARENA,7335,80,17,19,1,0,23,52,71,94,20,39,61,80,,,,,,,,
E2023_231,RED-ZAL,2024-02-09,20:00:00,26,REGULAR SEASON,E2023,91,93,CRVENA ZVEZDA MERIDIANBET BELGRADE,ZALGIRIS KAUNAS,RED,ZAL,"SFAIROPOULOS, IOANNIS","TRINCHIERI, ANDREA",40:00,00:00,"GARCIA, JUAN CARLOS","PATERNICO, CARMELO","ALIAGA, JORDI",STARK ARENA,18754,80,24,22,5,5,22,45,65,91,23,45,68,93,,,,,,,,
E2023_232,BAR-BER,2024-02-09,20:30:00,26,REGULAR SEASON,E2023,93,77,FC BARCELONA,ALBA BERLIN,BAR,BER,"GRIMAU, ROGER","GONZALEZ, ISRAEL",40:00,00:00,"JOVCIC, MILIVOJE","FOUFIS, IOANNIS","ROSSI, MICHELE",PALAU BLAUGRANA,6976,80,21,18,3,3,31,51,80,93,26,39,51,77,,,,,,,,
E2023_233,PAN-ULK,2024-02-09,20:15:00,26,REGULAR SEASON,E2023,74,63,PANATHINAIKOS AKTOR ATHENS,FENERBAHCE BEKO ISTANBUL,PAN,ULK,"ATAMAN, ERGIN","JASIKEVICIUS, SARAS",40:00,00:00,"PEREZ, MIGUEL ANGEL","KOLJENSIC, MILOS","KARDUM, LUKA",OAKA Altion,17729,80,20,26,1,5,13,38,57,74,21,30,47,63,,,,,,,,
E2023_234,VIR-MCO,2024-02-09,20:30:00,26,REGULAR SEASON,E2023,78,81,VIRTUS SEGAFREDO BOLOGNA,AS MONACO,VIR,MCO,"BANCHI, LUCA","OBRADOVIC, SASA",40:00,00:00,"HORDOV, TOMISLAV","NEDOVIC, MILAN","PETEK, SASO",VIRTUS SEGAFREDO ARENA,9506,80,29,23,4,3,16,35,54,78,21,45,60,81,,,,,,,,
E2023_235,BER-TEL,2024-02-29,20:00:00,27,REGULAR SEASON,E2023,71,106,ALBA BERLIN,MACCABI PLAYTIKA TEL AVIV,BER,TEL,"GONZALEZ, ISRAEL","KATTASH, ODED",40:00,00:00,"PERUGA, CARLOS","CORTES, CARLOS","TSAROUCHA, VASILIKI",MERCEDES-BENZ ARENA,7751,80,18,15,2,1,15,38,56,71,27,57,87,106,,,,,,,,
E2023_236,PAR-IST,2024-02-29,20:30:00,27,REGULAR SEASON,E2023,100,90,PARTIZAN MOZZART BET BELGRADE,ANADOLU EFES ISTANBUL,PAR,IST,"OBRADOVIC, ZELJKO","MIJATOVIC, TOMISLAV",40:00,00:00,"DIFALLAH, MEHDI","VILIUS, GYTIS","KONSTANTINOVS, KRISTAPS",STARK ARENA,20200,80,18,21,4,4,17,43,64,100,20,40,59,90,,,,,,,,
E2023_237,MAD-PAN,2024-02-29,20:45:00,27,REGULAR SEASON,E2023,86,97,REAL MADRID,PANATHINAIKOS AKTOR ATHENS,MAD,PAN,"MATEO, CHUS","ATAMAN, ERGIN",40:00,00:00,"BOLTAUZER, MATEJ","MOGULKOC, EMIN","BISSANG, JOSEPH",WIZINK CENTER,10828,80,18,18,5,4,24,36,61,86,18,45,67,97,,,,,,,,
E2023_238,VIR-PAM,2024-02-29,20:30:00,27,REGULAR SEASON,E2023,87,74,VIRTUS SEGAFREDO BOLOGNA,VALENCIA BASKET,VIR,PAM,"BANCHI, LUCA","MUMBRU, ALEX",40:00,00:00,"JAVOR, DAMIR","NIKOLIC, UROS","PEERANDI, RAIN",VIRTUS SEGAFREDO ARENA,9589,80,21,23,2,4,18,44,65,87,20,32,57,74,,,,,,,,
E2023_239,ZAL-OLY,2024-03-01,19:00:00,27,REGULAR SEASON,E2023,76,95,ZALGIRIS KAUNAS,OLYMPIACOS PIRAEUS,ZAL,OLY,"TRINCHIERI, ANDREA","BARTZOKAS, GEORGIOS",40:00,00:00,"BELOSEVIC, ILIJA","NEDOVIC, MILAN","BAENA, ALBERTO",ZALGIRIO ARENA,15222,80,20,16,4,3,20,39,56,76,23,41,69,95,,,,,,,,
E2023_240,BAR-MCO,2024-03-01,20:30:00,27,REGULAR SEASON,E2023,67,77,FC BARCELONA,AS MONACO,BAR,MCO,"GRIMAU, ROGER","OBRADOVIC, SASA",40:00,00:00,"RADOVIC, SRETEN","SHEMMESH, SEFFI","PETEK, SASO",PALAU BLAUGRANA,7045,80,21,22,4,4,21,35,51,67,12,33,60,77,,,,,,,,
E2023_241,MUN-RED,2024-03-01,20:30:00,27,REGULAR SEASON,E2023,74,66,FC BAYERN MUNICH,CRVENA ZVEZDA MERIDIANBET BELGRADE,MUN,RED,"LASO, PABLO","SFAIROPOULOS, IOANNIS",40:00,00:00,"PEREZ, MIGUEL ANGEL","FOUFIS, IOANNIS","VYKLICKY, ROBERT",BMW PARK,0,80,16,19,4,4,20,32,53,74,19,27,46,66,,,,,,,,
E2023_242,ULK-BAS,2024-03-01,18:45:00,27,REGULAR SEASON,E2023,111,96,FENERBAHCE BEKO ISTANBUL,BASKONIA VITORIA-GASTEIZ,ULK,BAS,"JASIKEVICIUS, SARAS","IVANOVIC, DUSKO",40:00,00:00,"LOTTERMOSER, ROBERT","HORDOV, TOMISLAV","SUKYS, ARTURAS",ULKER SPORTS AND EVENT HALL,10730,80,16,15,4,4,32,55,78,111,34,54,78,96,,,,,,,,
E2023_243,ASV-MIL,2024-03-01,20:00:00,27,REGULAR SEASON,E2023,81,77,LDLC ASVEL VILLEURBANNE,EA7 EMPORIO ARMANI MILAN,ASV,MIL,"POUPET, PIERRIC","MESSINA, ETTORE",40:00,00:00,"ROCHA, FERNANDO","PEREZ, EMILIO","PANTHER, ANNE",LDLC ARENA,8684,80,22,22,2,4,22,39,62,81,13,35,56,77,,,,,,,,
E2023_244,IST-MUN,2024-03-07,18:30:00,28,REGULAR SEASON,E2023,109,86,ANADOLU EFES ISTANBUL,FC BAYERN MUNICH,IST,MUN,"MIJATOVIC, TOMISLAV","LASO, PABLO",40:00,00:00,"BOLTAUZER, MATEJ","PEERANDI, RAIN","KOWALSKI, MARCIN",SINAN ERDEM SPORTS HALL,14761,80,19,20,3,5,26,53,88,109,28,49,65,86,,,,,,,,
E2023_245,MCO-RED,2024-03-07,19:00:00,28,REGULAR SEASON,E2023,98,80,AS MONACO,CRVENA ZVEZDA MERIDIANBET BELGRADE,MCO,RED,"OBRADOVIC, SASA","SFAIROPOULOS, IOANNIS",40:00,00:00,"PERUGA, CARLOS","RACYS, SAULIUS","KARDUM, LUKA",SALLE GASTON MEDECIN,5000,80,19,29,1,5,25,46,69,98,17,38,60,80,,,,,,,,
E2023_246,TEL-ZAL,2024-03-07,20:05:00,28,REGULAR SEASON,E2023,83,76,MACCABI PLAYTIKA TEL AVIV,ZALGIRIS KAUNAS,TEL,ZAL,"KATTASH, ODED","TRINCHIERI, ANDREA",40:00,00:00,"PEREZ, MIGUEL ANGEL","PUKL,SASA","PANTHER, ANNE",ALEKSANDAR NIKOLIC HALL,0,80,18,20,4,5,21,42,56,83,21,40,62,76,,,,,,,,
E2023_247,OLY-VIR,2024-03-07,21:00:00,28,REGULAR SEASON,E2023,74,69,OLYMPIACOS PIRAEUS,VIRTUS SEGAFREDO BOLOGNA,OLY,VIR,"BARTZOKAS, GEORGIOS","BANCHI, LUCA",40:00,00:00,"ROCHA, FERNANDO","PEREZ, EMILIO","PETEK, SASO",PEACE AND FRIENDSHIP STADIUM,12239,80,21,25,4,5,21,37,57,74,22,46,51,69,,,,,,,,
E2023_248,MAD-ULK,2024-03-07,20:45:00,28,REGULAR SEASON,E2023,79,89,REAL MADRID,FENERBAHCE BEKO ISTANBUL,MAD,ULK,"MATEO, CHUS","JASIKEVICIUS, SARAS",40:00,00:00,"JAVOR, DAMIR","DIFALLAH, MEHDI","JOVCIC, MILIVOJE",WIZINK CENTER,10127,80,21,26,4,2,15,33,58,79,20,43,67,89,,,,,,,,
E2023_249,PAM-BAR,2024-03-07,20:30:00,28,REGULAR SEASON,E2023,78,88,VALENCIA BASKET,FC BARCELONA,PAM,BAR,"MUMBRU, ALEX","GRIMAU, ROGER",40:00,00:00,"LOTTERMOSER, ROBERT","NEDOVIC, MILAN","CICI, GENTIAN",PABELLON FUENTE DE SAN LUIS,7437,80,17,19,3,3,18,42,57,78,18,37,59,88,,,,,,,,
E2023_250,MIL-PAR,2024-03-08,20:30:00,28,REGULAR SEASON,E2023,85,83,EA7 EMPORIO ARMANI MILAN,PARTIZAN MOZZART BET BELGRADE,MIL,PAR,"MESSINA, ETTORE","OBRADOVIC, ZELIMIR",40:00,00:00,"MOGULKOC, EMIN","BISSANG, JOSEPH","CORTES, CARLOS",FORUM,12192,80,20,17,3,5,22,41,64,85,21,40,67,83,,,,,,,,
E2023_251,PAN-ASV,2024-03-08,20:15:00,28,REGULAR SEASON,E2023,85,67,PANATHINAIKOS AKTOR ATHENS,LDLC ASVEL VILLEURBANNE,PAN,ASV,"ATAMAN, ERGIN","POUPET, PIERRIC",40:00,00:00,"BELOSEVIC, ILIJA","HORDOV, TOMISLAV","VYKLICKY, ROBERT",OAKA Altion,15504,80,13,18,1,3,20,38,59,85,17,36,50,67,,,,,,,,
E2023_252,BAS-BER,2024-03-08,20:30:00,28,REGULAR SEASON,E2023,88,71,BASKONIA VITORIA-GASTEIZ,ALBA BERLIN,BAS,BER,"IVANOVIC, DUSKO","GONZALEZ, ISRAEL",40:00,00:00,"RADOVIC, SRETEN","ZAMOJSKI, JAKUB","ROSSI, MICHELE",BUESA ARENA,8226,80,19,18,1,2,23,42,63,88,10,34,47,71,,,,,,,,
E2023_253,BER-MCO,2024-03-14,20:00:00,29,REGULAR SEASON,E2023,82,90,ALBA BERLIN,AS MONACO,BER,MCO,"GONZALEZ, ISRAEL","OBRADOVIC, SASA",40:00,00:00,"JAVOR, DAMIR","DRAGOJEVIC, IGOR","LAURINAVICIUS, JURGIS",MERCEDES-BENZ ARENA,7422,80,22,25,3,2,27,39,62,82,13,45,69,90,,,,,,,,
E2023_254,BAR-PAR,2024-03-14,20:30:00,29,REGULAR SEASON,E2023,94,76,FC BARCELONA,PARTIZAN MOZZART BET BELGRADE,BAR,PAR,"GRIMAU, ROGER","OBRADOVIC, ZELJKO",40:00,00:00,"LATISEVS, OLEGS","PASTUSIAK, PIOTR","SUKYS, ARTURAS",PALAU BLAUGRANA,7047,80,21,18,3,5,29,51,74,94,24,48,68,76,,,,,,,,
E2023_255,OLY-PAN,2024-03-14,18:45:00,29,REGULAR SEASON,E2023,71,65,OLYMPIACOS PIRAEUS,PANATHINAIKOS AKTOR ATHENS,OLY,PAN,"BARTZOKAS, GEORGIOS","ATAMAN, ERGIN",40:00,00:00,"RADOVIC, SRETEN","PERUGA, CARLOS","NIKOLIC, UROS",PEACE AND FRIENDSHIP STADIUM,11991,80,21,18,2,4,7,33,48,71,17,33,42,65,,,,,,,,
E2023_256,BAS-MIL,2024-03-14,20:30:00,29,REGULAR SEASON,E2023,88,73,BASKONIA VITORIA-GASTEIZ,EA7 EMPORIO ARMANI MILAN,BAS,MIL,"IVANOVIC, DUSKO","MESSINA, ETTORE",40:00,00:00,"BOLTAUZER, MATEJ","DIFALLAH, MEHDI","PEERANDI, RAIN",BUESA ARENA,8090,80,18,15,3,3,19,48,69,88,18,34,55,73,,,,,,,,
E2023_257,RED-TEL,2024-03-14,19:00:00,29,REGULAR SEASON,E2023,80,84,CRVENA ZVEZDA MERIDIANBET BELGRADE,MACCABI PLAYTIKA TEL AVIV,RED,TEL,"SFAIROPOULOS, IOANNIS","KATTASH, ODED",40:00,00:00,"ROCHA, FERNANDO","VILIUS, GYTIS","PETEK, SASO",STARK ARENA,12537,80,24,19,4,5,21,47,61,80,17,31,53,84,,,,,,,,
E2023_258,ULK-PAM,2024-03-14,18:45:00,29,REGULAR SEASON,E2023,118,88,FENERBAHCE BEKO ISTANBUL,VALENCIA BASKET,ULK,PAM,"JASIKEVICIUS, SARAS","MUMBRU, ALEX",40:00,00:00,"BELOSEVIC, ILIJA","FOUFIS, IOANNIS","HALLIKO, AARE",ULKER SPORTS AND EVENT HALL,8107,80,24,19,2,3,22,57,85,118,19,37,61,88,,,,,,,,
E2023_259,VIR-MAD,2024-03-15,20:30:00,29,REGULAR SEASON,E2023,74,89,VIRTUS SEGAFREDO BOLOGNA,REAL MADRID,VIR,MAD,"BANCHI, LUCA","MATEO, CHUS",40:00,00:00,"LOTTERMOSER, ROBERT","NEDOVIC, MILAN","UDYANSKYY, EDUARD",VIRTUS SEGAFREDO ARENA,9596,80,19,20,4,2,15,31,52,74,23,44,61,89,,,,,,,,
E2023_260,MUN-ZAL,2024-03-15,20:30:00,29,REGULAR SEASON,E2023,64,58,FC BAYERN MUNICH,ZALGIRIS KAUNAS,MUN,ZAL,"LASO, PABLO","TRINCHIERI, ANDREA",40:00,00:00,"MOGULKOC, EMIN","KOLJENSIC, MILOS","KARDUM, LUKA",BMW PARK,6500,80,17,18,3,5,18,33,50,64,10,21,37,58,,,,,,,,
E2023_261,ASV-IST,2024-03-15,20:00:00,29,REGULAR SEASON,E2023,84,80,LDLC ASVEL VILLEURBANNE,ANADOLU EFES ISTANBUL,ASV,IST,"POUPET, PIERRIC","MIJATOVIC, TOMISLAV",40:00,00:00,"GARCIA, JUAN CARLOS","PUKL,SASA","SHEMMESH, SEFFI",LDLC ARENA,8566,80,18,14,5,4,19,46,65,84,16,39,52,80,,,,,,,,
E2023_262,BER-MAD,2024-03-19,20:00:00,30,REGULAR SEASON,E2023,79,86,ALBA BERLIN,REAL MADRID,BER,MAD,"GONZALEZ, ISRAEL","MATEO, CHUS",40:00,00:00,"HORDOV, TOMISLAV","KOLJENSIC, MILOS","PETEK, SASO",MERCEDES-BENZ ARENA,11240,80,24,17,4,2,26,40,57,79,16,36,58,86,,,,,,,,
E2023_263,IST-OLY,2024-03-19,18:30:00,30,REGULAR SEASON,E2023,85,72,ANADOLU EFES ISTANBUL,OLYMPIACOS PIRAEUS,IST,OLY,"MIJATOVIC, TOMISLAV","BARTZOKAS, GEORGIOS",40:00,00:00,"BELOSEVIC, ILIJA","NEDOVIC, MILAN","BAENA, ALBERTO",SINAN ERDEM SPORTS HALL,14367,80,17,17,3,4,26,48,66,85,21,37,61,72,,,,,,,,
E2023_264,TEL-ASV,2024-03-19,20:05:00,30,REGULAR SEASON,E2023,98,90,MACCABI PLAYTIKA TEL AVIV,LDLC ASVEL VILLEURBANNE,TEL,ASV,"KATTASH, ODED","POUPET, PIERRIC",40:00,00:00,"PATERNICO, CARMELO","PEREZ, EMILIO","ZAMOJSKI, JAKUB",ALEKSANDAR NIKOLIC HALL,0,80,17,21,2,4,23,47,66,98,21,49,69,90,,,,,,,,
E2023_265,PAR-BAS,2024-03-19,20:30:00,30,REGULAR SEASON,E2023,87,83,PARTIZAN MOZZART BET BELGRADE,BASKONIA VITORIA-GASTEIZ,PAR,BAS,"OBRADOVIC, ZELJKO","IVANOVIC, DUSKO",40:00,00:00,"LOTTERMOSER, ROBERT","VILIUS, GYTIS","VYKLICKY, ROBERT",STARK ARENA,20174,80,19,15,4,4,23,44,69,87,16,42,60,83,,,,,,,,
E2023_266,ZAL-VIR,2024-03-19,19:00:00,30,REGULAR SEASON,E2023,96,81,ZALGIRIS KAUNAS,VIRTUS SEGAFREDO BOLOGNA,ZAL,VIR,"TRINCHIERI, ANDREA","BANCHI, LUCA",40:00,00:00,"RADOVIC, SRETEN","DIFALLAH, MEHDI","ALIAGA, JORDI",ZALGIRIO ARENA,12881,80,23,25,3,4,22,43,68,96,22,49,63,81,,,,,,,,
E2023_267,MCO-MIL,2024-03-20,19:00:00,30,REGULAR SEASON,E2023,80,98,AS MONACO,EA7 EMPORIO ARMANI MILAN,MCO,MIL,"OBRADOVIC, SASA","MESSINA, ETTORE",40:00,00:00,"PEREZ, MIGUEL ANGEL","NIKOLIC, UROS","FOUFIS, IOANNIS",SALLE GASTON MEDECIN,4112,80,18,22,4,2,20,44,67,80,27,58,76,98,,,,,,,,
E2023_268,RED-PAN,2024-03-20,20:00:00,30,REGULAR SEASON,E2023,76,89,CRVENA ZVEZDA MERIDIANBET BELGRADE,PANATHINAIKOS AKTOR ATHENS,RED,PAN,"SFAIROPOULOS, IOANNIS","ATAMAN, ERGIN",40:00,00:00,"GARCIA, JUAN CARLOS","PASTUSIAK, PIOTR","KONSTANTINOVS, KRISTAPS",STARK ARENA,13126,80,23,19,5,3,20,41,56,76,29,51,70,89,,,,,,,,
E2023_269,ULK-BAR,2024-03-20,18:45:00,30,REGULAR SEASON,E2023,88,74,FENERBAHCE BEKO ISTANBUL,FC BARCELONA,ULK,BAR,"JASIKEVICIUS, SARAS","GRIMAU, ROGER",40:00,00:00,"BOLTAUZER, MATEJ","BISSANG, JOSEPH","KARDUM, LUKA",ULKER SPORTS AND EVENT HALL,12960,80,20,24,4,5,23,46,62,88,11,25,57,74,,,,,,,,
E2023_270,PAM-MUN,2024-03-20,20:30:00,30,REGULAR SEASON,E2023,70,68,VALENCIA BASKET,FC BAYERN MUNICH,PAM,MUN,"MUMBRU, ALEX","LASO, PABLO",40:00,00:00,"JAVOR, DAMIR","JOVCIC, MILIVOJE","SUKYS, ARTURAS",PABELLON FUENTE DE SAN LUIS,5764,80,24,26,3,5,28,45,57,70,15,37,56,68,,,,,,,,
E2023_271,IST-BER,2024-03-21,18:30:00,31,REGULAR SEASON,E2023,85,84,ANADOLU EFES ISTANBUL,ALBA BERLIN,IST,BER,"MIJATOVIC, TOMISLAV","GONZALEZ, ISRAEL",40:00,00:00,"LATISEVS, OLEGS","SILVA, SERGIO","TSAROUCHA, VASILIKI",SINAN ERDEM SPORTS HALL,10057,80,19,15,2,3,23,53,65,85,23,40,67,84,,,,,,,,
E2023_272,OLY-ASV,2024-03-21,20:15:00,31,REGULAR SEASON,E2023,80,64,OLYMPIACOS PIRAEUS,LDLC ASVEL VILLEURBANNE,OLY,ASV,"BARTZOKAS, GEORGIOS","POUPET, PIERRIC",40:00,00:00,"LOTTERMOSER, ROBERT","TRAWICKI, TOMASZ","MAJKIC, MARIO",PEACE AND FRIENDSHIP STADIUM,9887,80,18,15,1,1,20,43,54,80,12,35,55,64,,,,,,,,
E2023_273,PAR-MAD,2024-03-21,20:30:00,31,REGULAR SEASON,E2023,76,88,PARTIZAN MOZZART BET BELGRADE,REAL MADRID,PAR,MAD,"OBRADOVIC, ZELJKO","MATEO, CHUS",40:00,00:00,"ROCHA, FERNANDO","ZAMOJSKI, JAKUB","PEERANDI, RAIN",STARK ARENA,20200,80,20,21,4,1,13,31,54,76,13,33,68,88,,,,,,,,
E2023_274,ZAL-BAS,2024-03-21,19:00:00,31,REGULAR SEASON,E2023,94,76,ZALGIRIS KAUNAS,BASKONIA VITORIA-GASTEIZ,ZAL,BAS,"TRINCHIERI, ANDREA","IVANOVIC, DUSKO",40:00,00:00,"BELOSEVIC, ILIJA","DRAGOJEVIC, IGOR","BALAK, AMIT",ZALGIRIO ARENA,14787,80,22,16,3,4,25,48,71,94,17,34,57,76,,,,,,,,
E2023_275,MCO-PAM,2024-03-22,19:00:00,31,REGULAR SEASON,E2023,79,78,AS MONACO,VALENCIA BASKET,MCO,PAM,"OBRADOVIC, SASA","MUMBRU, ALEX",40:00,00:00,"RADOVIC, SRETEN","PUKL,SASA","PANTHER, ANNE",SALLE GASTON MEDECIN,4309,80,20,24,4,5,25,38,57,79,15,34,54,78,,,,,,,,
E2023_276,MIL-ULK,2024-03-22,20:30:00,31,REGULAR SEASON,E2023,77,76,EA7 EMPORIO ARMANI MILAN,FENERBAHCE BEKO ISTANBUL,MIL,ULK,"MESSINA, ETTORE","JASIKEVICIUS, SARUNAS",40:00,00:00,"PERUGA, CARLOS","NEDOVIC, MILAN","BOUBERT, MAXIME",FORUM,11214,80,16,21,5,5,28,43,59,77,18,36,51,76,,,,,,,,
E2023_277,RED-VIR,2024-03-22,19:00:00,31,REGULAR SEASON,E2023,94,79,CRVENA ZVEZDA MERIDIANBET BELGRADE,VIRTUS SEGAFREDO BOLOGNA,RED,VIR,"SFAIROPOULOS, IOANNIS","BANCHI, LUCA",40:00,00:00,"MOGULKOC, EMIN","CORTES, CARLOS","RACYS, SAULIUS",STARK ARENA,12708,80,22,26,3,4,21,48,74,94,23,42,65,79,,,,,,,,
E2023_278,MUN-TEL,2024-03-22,20:30:00,31,REGULAR SEASON,E2023,74,89,FC BAYERN MUNICH,MACCABI PLAYTIKA TEL AVIV,MUN,TEL,"LASO, PABLO","KATTASH, ODED",40:00,00:00,"BOLTAUZER, MATEJ","NIKOLIC, UROS","RADOJKOVIC, JOSIP",BMW PARK,6347,80,25,17,4,2,21,35,62,74,22,48,63,89,,,,,,,,
E2023_279,PAN-BAR,2024-03-22,20:15:00,31,REGULAR SEASON,E2023,89,81,PANATHINAIKOS AKTOR ATHENS,FC BARCELONA,PAN,BAR,"ATAMAN, ERGIN","GRIMAU, ROGER",40:00,00:00,"DIFALLAH, MEHDI","VILIUS, GYTIS","ROSSI, MICHELE",OAKA Altion,17948,80,22,23,3,5,20,34,60,89,23,46,61,81,,,,,,,,
E2023_280,MUN-BAR,2024-03-28,20:30:00,32,REGULAR SEASON,E2023,79,87,FC BAYERN MUNICH,FC BARCELONA,MUN,BAR,"LASO, PABLO","GRIMAU, ROGER",40:00,00:00,"BELOSEVIC, ILIJA","NEDOVIC, MILAN","BALAK, AMIT",BMW PARK,6500,80,19,21,5,2,19,30,53,79,25,47,71,87,,,,,,,,
E2023_281,ASV-MCO,2024-03-28,21:00:00,32,REGULAR SEASON,E2023,77,87,LDLC ASVEL VILLEURBANNE,AS MONACO,ASV,MCO,"POUPET, PIERRIC","OBRADOVIC, SASA",40:00,00:00,"PERUGA, CARLOS","SILVA, SERGIO","LEZCANO, LEANDRO",LDLC ARENA,8907,80,25,16,2,4,12,40,61,77,23,44,56,87,,,,,,,,
E2023_282,BAS-IST,2024-03-28,20:30:00,32,REGULAR SEASON,E2023,76,97,BASKONIA VITORIA-GASTEIZ,ANADOLU EFES ISTANBUL,BAS,IST,"IVANOVIC, DUSKO","MIJATOVIC, TOMISLAV",40:00,00:00,"RADOVIC, SRETEN","NIKOLIC, UROS","PETEK, SASO",BUESA ARENA,10816,80,19,22,4,3,22,45,53,76,32,49,77,97,,,,,,,,
E2023_283,TEL-PAM,2024-03-27,20:30:00,32,REGULAR SEASON,E2023,95,80,MACCABI PLAYTIKA TEL AVIV,VALENCIA BASKET,TEL,PAM,"KATTASH, ODED","MUMBRU, ALEX",40:00,00:00,"MOGULKOC, EMIN","HORDOV, TOMISLAV","OBRKNEZEVIC, UROS",ALEKSANDAR NIKOLIC HALL,200,80,17,19,3,3,21,48,71,95,20,38,58,80,,,,,,,,
E2023_284,PAR-OLY,2024-03-28,20:30:00,32,REGULAR SEASON,E2023,69,74,PARTIZAN MOZZART BET BELGRADE,OLYMPIACOS PIRAEUS,PAR,OLY,"OBRADOVIC, ZELJKO","BARTZOKAS, GEORGIOS",40:00,00:00,"GARCIA, JUAN CARLOS","DIFALLAH, MEHDI","CORTES, CARLOS",STARK ARENA,20186,80,23,20,5,4,22,40,59,69,17,32,46,74,,,,,,,,
E2023_285,ZAL-MIL,2024-03-28,19:00:00,32,REGULAR SEASON,E2023,87,73,ZALGIRIS KAUNAS,EA7 EMPORIO ARMANI MILAN,ZAL,MIL,"TRINCHIERI, ANDREA","MESSINA, ETTORE",40:00,00:00,"ROCHA, FERNANDO","PASTUSIAK, PIOTR","SHEMMESH, SEFFI",ZALGIRIO ARENA,15139,80,20,21,3,4,14,35,59,87,17,37,54,73,,,,,,,,
E2023_286,ULK-BER,2024-03-29,18:45:00,32,REGULAR SEASON,E2023,103,68,FENERBAHCE BEKO ISTANBUL,ALBA BERLIN,ULK,BER,"JASIKEVICIUS, SARAS","GONZALEZ, ISRAEL",40:00,00:00,"JOVCIC, MILIVOJE","VILIUS, GYTIS","UDYANSKYY, EDUARD",ULKER SPORTS AND EVENT HALL,10781,80,17,25,2,2,34,52,83,103,18,40,53,68,,,,,,,,
E2023_287,MAD-RED,2024-03-29,20:30:00,32,REGULAR SEASON,E2023,101,94,REAL MADRID,CRVENA ZVEZDA MERIDIANBET BELGRADE,MAD,RED,"MATEO, CHUS","SFAIROPOULOS, IOANNIS",40:00,00:00,"BOLTAUZER, MATEJ","SUKYS, ARTURAS","BOUBERT, MAXIME",WIZINK CENTER,9189,80,20,31,3,5,20,44,72,101,21,47,75,94,,,,,,,,
E2023_288,VIR-PAN,2024-03-29,20:30:00,32,REGULAR SEASON,E2023,79,81,VIRTUS SEGAFREDO BOLOGNA,PANATHINAIKOS AKTOR ATHENS,VIR,PAN,"BANCHI, LUCA","ATAMAN, ERGIN",40:00,00:00,"JAVOR, DAMIR","PEREZ, EMILIO","BISSANG, JOSEPH",VIRTUS SEGAFREDO ARENA,9572,80,20,18,4,2,16,39,59,79,28,51,65,81,,,,,,,,
E2023_289,BER-PAR,2024-04-04,20:30:00,33,REGULAR SEASON,E2023,83,94,ALBA BERLIN,PARTIZAN MOZZART BET BELGRADE,BER,PAR,"GONZALEZ, ISRAEL","OBRADOVIC, ZELJKO",40:00,00:00,"PEREZ, EMILIO","FOUFIS, IOANNIS","KONSTANTINOVS, KRISTAPS",UBER ARENA,11735,80,19,19,4,4,15,34,62,83,23,47,72,94,,,,,,,,
E2023_290,MCO-ZAL,2024-04-04,19:00:00,33,REGULAR SEASON,E2023,69,66,AS MONACO,ZALGIRIS KAUNAS,MCO,ZAL,"OBRADOVIC, SASA","TRINCHIERI, ANDREA",40:00,00:00,"GARCIA, JUAN CARLOS","MOGULKOC, EMIN","MAJKIC, MARIO",SALLE GASTON MEDECIN,4622,80,17,27,4,5,20,39,51,69,11,29,44,66,,,,,,,,
E2023_291,RED-OLY,2024-04-04,19:00:00,33,REGULAR SEASON,E2023,86,89,CRVENA ZVEZDA MERIDIANBET BELGRADE,OLYMPIACOS PIRAEUS,RED,OLY,"SFAIROPOULOS, IOANNIS","BARTZOKAS, GEORGIOS",40:00,00:00,"PERUGA, CARLOS","VILIUS, GYTIS","PEERANDI, RAIN",STARK ARENA,15456,80,24,23,5,4,14,39,64,86,23,42,63,89,,,,,,,,
E2023_292,BAR-TEL,2024-04-04,20:30:00,33,REGULAR SEASON,E2023,92,89,FC BARCELONA,MACCABI PLAYTIKA TEL AVIV,BAR,TEL,"GRIMAU, ROGER","KATTASH, ODED",40:00,00:00,"JAVOR, DAMIR","PUKL,SASA","VYKLICKY, ROBERT",PALAU BLAUGRANA,7258,80,16,18,4,4,19,44,70,92,19,43,63,89,,,,,,,,
E2023_293,PAM-ASV,2024-04-04,20:45:00,33,REGULAR SEASON,E2023,69,98,VALENCIA BASKET,LDLC ASVEL VILLEURBANNE,PAM,ASV,"MUMBRU, ALEX","POUPET, PIERRIC",40:00,00:00,"PATERNICO, CARMELO","PASTUSIAK, PIOTR","BALAK, AMIT",PABELLON FUENTE DE SAN LUIS,5985,80,22,18,4,0,19,38,45,69,27,52,79,98,,,,,,,,
E2023_294,MIL-VIR,2024-04-05,20:30:00,33,REGULAR SEASON,E2023,90,75,EA7 EMPORIO ARMANI MILAN,VIRTUS SEGAFREDO BOLOGNA,MIL,VIR,"MESSINA, ETTORE","BANCHI, LUCA",40:00,00:00,"BOLTAUZER, MATEJ","LOTTERMOSER, ROBERT","KARDUM, LUKA",FORUM,12331,80,24,25,1,5,22,46,73,90,18,34,53,75,,,,,,,,
E2023_295,MUN-PAN,2024-04-05,20:30:00,33,REGULAR SEASON,E2023,75,82,FC BAYERN MUNICH,PANATHINAIKOS AKTOR ATHENS,MUN,PAN,"LASO, PABLO","ATAMAN, ERGIN",40:00,00:00,"ROCHA, FERNANDO","LATISEVS, OLEGS","BAENA, ALBERTO",BMW PARK,6500,80,21,14,4,2,18,36,54,75,13,40,58,82,,,,,,,,
E2023_296,ULK-IST,2024-04-05,19:45:00,33,REGULAR SEASON,E2023,80,82,FENERBAHCE BEKO ISTANBUL,ANADOLU EFES ISTANBUL,ULK,IST,"JASIKEVICIUS, SARAS","MIJATOVIC, TOMISLAV",40:00,00:00,"BELOSEVIC, ILIJA","ALIAGA, JORDI","SUKYS, ARTURAS",ULKER SPORTS AND EVENT HALL,12417,80,25,21,4,3,13,36,52,80,16,32,51,82,,,,,,,,
E2023_297,MAD-BAS,2024-04-05,20:30:00,33,REGULAR SEASON,E2023,91,95,REAL MADRID,BASKONIA VITORIA-GASTEIZ,MAD,BAS,"MATEO, CHUS","IVANOVIC, DUSKO",40:00,00:00,"DIFALLAH, MEHDI","HORDOV, TOMISLAV","RACYS, SAULIUS",WIZINK CENTER,9484,80,25,20,4,5,27,48,64,91,17,42,65,95,,,,,,,,
E2023_298,IST-RED,2024-04-11,19:30:00,34,REGULAR SEASON,E2023,100,55,ANADOLU EFES ISTANBUL,CRVENA ZVEZDA MERIDIANBET BELGRADE,IST,RED,"MIJATOVIC, TOMISLAV","SFAIROPOULOS, IOANNIS",40:00,00:00,"GARCIA, JUAN CARLOS","PASTUSIAK, PIOTR","THEPENIER, HUGUES",SINAN ERDEM SPORTS HALL,14859,80,17,21,0,4,15,45,76,100,11,31,44,55,,,,,,,,
E2023_299,MCO-MUN,2024-04-11,19:00:00,34,REGULAR SEASON,E2023,89,85,AS MONACO,FC BAYERN MUNICH,MCO,MUN,"OBRADOVIC, SASA","LASO, PABLO",40:00,00:00,"PATERNICO, CARMELO","PEREZ, EMILIO","KARDUM, LUKA",SALLE GASTON MEDECIN,4163,80,17,24,3,5,29,52,72,89,14,30,60,85,,,,,,,,
E2023_300,TEL-MIL,2024-04-11,20:05:00,34,REGULAR SEASON,E2023,92,86,MACCABI PLAYTIKA TEL AVIV,EA7 EMPORIO ARMANI MILAN,TEL,MIL,"KATTASH, ODED","MESSINA, ETTORE",40:00,00:00,"PERUGA, CARLOS","DIFALLAH, MEHDI","BAENA, ALBERTO",BELGRADE ARENA,0,80,17,16,0,2,27,52,77,92,23,52,70,86,,,,,,,,
E2023_301,PAN-BER,2024-04-11,20:15:00,34,REGULAR SEASON,E2023,84,75,PANATHINAIKOS AKTOR ATHENS,ALBA BERLIN,PAN,BER,"ATAMAN, ERGIN","GONZALEZ, ISRAEL",40:00,00:00,"MOGULKOC, EMIN","PETEK, SASO","TRAWICKI, TOMASZ",OAKA Altion,18450,80,16,21,1,3,17,38,60,84,23,37,63,75,,,,,,,,
E2023_302,ZAL-MAD,2024-04-11,19:00:00,34,REGULAR SEASON,E2023,62,64,ZALGIRIS KAUNAS,REAL MADRID,ZAL,MAD,"TRINCHIERI, ANDREA","MATEO, CHUS",40:00,00:00,"LOTTERMOSER, ROBERT","NIKOLIC, UROS","BISSANG, JOSEPH",ZALGIRIO ARENA,15077,80,16,13,5,3,9,25,42,62,16,31,44,64,,,,,,,,
E2023_303,VIR-BAS,2024-04-12,20:30:00,34,REGULAR SEASON,E2023,91,95,VIRTUS SEGAFREDO BOLOGNA,BASKONIA VITORIA-GASTEIZ,VIR,BAS,"BANCHI, LUCA","IVANOVIC, DUSKO",40:00,00:00,"BELOSEVIC, ILIJA","PUKL,SASA","BALAK, AMIT",VIRTUS SEGAFREDO ARENA,9267,80,21,17,5,5,22,53,74,91,21,44,75,95,91.0,,,,95.0,,,
E2023_304,ASV-BAR,2024-04-12,21:00:00,34,REGULAR SEASON,E2023,76,72,LDLC ASVEL VILLEURBANNE,FC BARCELONA,ASV,BAR,"POUPET, PIERRIC","GRIMAU, ROGER",40:00,00:00,"RADOVIC, SRETEN","PANTHER, ANNE","CICI, GENTIAN",LDLC ARENA,11532,80,20,16,1,5,24,38,57,76,18,42,57,72,,,,,,,,
E2023_305,OLY-ULK,2024-04-12,20:15:00,34,REGULAR SEASON,E2023,84,81,OLYMPIACOS PIRAEUS,FENERBAHCE BEKO ISTANBUL,OLY,ULK,"BARTZOKAS, GEORGIOS","JASIKEVICIUS, SARAS",45:00,00:00,"BOLTAUZER, MATEJ","HORDOV, TOMISLAV","LATISEVS, OLEGS",PEACE AND FRIENDSHIP STADIUM,12239,90,20,24,5,5,19,38,53,69,19,34,52,69,84.0,,,,81.0,,,
E2023_306,PAR-PAM,2024-04-12,20:30:00,34,REGULAR SEASON,E2023,79,66,PARTIZAN MOZZART BET BELGRADE,VALENCIA BASKET,PAR,PAM,"OBRADOVIC, ZELJKO","ALBERT, XAVIER",40:00,00:00,"ROCHA, FERNANDO","NEDOVIC, MILAN","VILIUS, GYTIS",BELGRADE ARENA,19135,80,16,21,3,4,15,35,58,79,21,37,52,66,,,,,,,,
E2023_307,TEL-BAS,2024-04-16,19:00:00,35,PLAY-IN,E2023,113,85,MACCABI PLAYTIKA TEL AVIV,BASKONIA VITORIA-GASTEIZ,TEL,BAS,"KATTASH, ODED","IVANOVIC, DUSKO",40:00,00:00,"ROCHA, FERNANDO","BOLTAUZER, MATEJ","LOTTERMOSER, ROBERT",BELGRADE ARENA,400,80,16,14,2,1,28,55,86,113,15,36,61,85,,,,,,,,
E2023_308,IST-VIR,2024-04-16,20:00:00,35,PLAY-IN,E2023,64,67,ANADOLU EFES ISTANBUL,VIRTUS SEGAFREDO BOLOGNA,IST,VIR,"MIJATOVIC, TOMISLAV","BANCHI, LUCA",40:00,00:00,"RADOVIC, SRETEN","PERUGA, CARLOS","NIKOLIC, UROS",SINAN ERDEM SPORTS HALL,14967,80,12,21,3,3,23,36,50,64,21,35,48,67,,,,,,,,
E2023_309,BAS-VIR,2024-04-19,20:30:00,36,PLAY-IN,E2023,89,77,BASKONIA VITORIA-GASTEIZ,VIRTUS SEGAFREDO BOLOGNA,BAS,VIR,"IVANOVIC, DUSKO","BANCHI, LUCA",40:00,00:00,"BELOSEVIC, ILIJA","DIFALLAH, MEHDI","NEDOVIC, MILAN",BUESA ARENA,10143,80,19,20,2,5,21,41,72,89,22,41,57,77,,,,,,,,
E2023_310,MAD-BAS,2024-04-23,21:00:00,37,PLAYOFFS,E2023,90,74,REAL MADRID,BASKONIA VITORIA-GASTEIZ,MAD,BAS,"MATEO, CHUS","IVANOVIC, DUSKO",40:00,00:00,"MOGULKOC, EMIN","LATISEVS, OLEGS","FOUFIS, IOANNIS",WIZINK CENTER,9632,80,16,16,3,2,26,48,70,90,17,37,53,74,,,,,,,,
E2023_311,BAR-OLY,2024-04-24,21:00:00,37,PLAYOFFS,E2023,75,77,FC BARCELONA,OLYMPIACOS PIRAEUS,BAR,OLY,"GRIMAU, ROGER","BARTZOKAS, GEORGIOS",40:00,00:00,"JAVOR, DAMIR","HORDOV, TOMISLAV","PEERANDI, RAIN",PALAU BLAUGRANA,7328,80,24,26,4,3,18,35,54,75,19,44,61,77,,,,,,,,
E2023_312,MCO-ULK,2024-04-24,19:00:00,37,PLAYOFFS,E2023,91,95,AS MONACO,FENERBAHCE BEKO ISTANBUL,MCO,ULK,"OBRADOVIC, SASA","JASIKEVICIUS, SARAS",45:00,00:00,"PEREZ, MIGUEL ANGEL","PASTUSIAK, PIOTR","SUKYS, ARTURAS",SALLE GASTON MEDECIN,4777,90,27,27,5,5,26,46,61,81,15,37,60,81,91.0,,,,95.0,,,
E2023_313,PAN-TEL,2024-04-23,19:30:00,37,PLAYOFFS,E2023,87,91,PANATHINAIKOS AKTOR ATHENS,MACCABI PLAYTIKA TEL AVIV,PAN,TEL,"ATAMAN, ERGIN","KATTASH, ODED",40:00,00:00,"BOLTAUZER, MATEJ","GARCIA, JUAN CARLOS","KOLJENSIC, MILOS",OAKA Altion,18541,80,22,23,3,2,25,50,70,87,26,42,63,91,,,,,,,,
E2023_314,MAD-BAS,2024-04-25,21:00:00,38,PLAYOFFS,E2023,101,90,REAL MADRID,BASKONIA VITORIA-GASTEIZ,MAD,BAS,"MATEO, CHUS","IVANOVIC, DUSKO",40:00,00:00,"ROCHA, FERNANDO","PUKL,SASA","ZAMOJSKI, JAKUB",WIZINK CENTER,10688,80,18,19,2,3,23,46,74,101,21,40,63,90,,,,,,,,
E2023_315,BAR-OLY,2024-04-26,21:00:00,38,PLAYOFFS,E2023,77,69,FC BARCELONA,OLYMPIACOS PIRAEUS,BAR,OLY,"GRIMAU, ROGER","BARTZOKAS, GEORGIOS",40:00,00:00,"RADOVIC, SRETEN","PATERNICO, CARMELO","NIKOLIC, UROS",PALAU BLAUGRANA,7692,80,18,19,3,2,27,43,60,77,14,37,57,69,,,,,,,,
E2023_316,MCO-ULK,2024-04-26,19:00:00,38,PLAYOFFS,E2023,93,88,AS MONACO,FENERBAHCE BEKO ISTANBUL,MCO,ULK,"OBRADOVIC, SASA","JASIKEVICIUS, SARAS",40:00,00:00,"LOTTERMOSER, ROBERT","VILIUS, GYTIS","ALIAGA, JORDI",SALLE GASTON MEDECIN,4891,80,22,25,5,4,31,54,65,93,21,50,74,88,,,,,,,,
E2023_317,PAN-TEL,2024-04-25,20:15:00,38,PLAYOFFS,E2023,95,79,PANATHINAIKOS AKTOR ATHENS,MACCABI PLAYTIKA TEL AVIV,PAN,TEL,"ATAMAN, ERGIN","KATTASH, ODED",40:00,00:00,"BELOSEVIC, ILIJA","PERUGA, CARLOS","JOVCIC, MILIVOJE",OAKA Altion,18080,80,15,22,1,4,20,51,71,95,28,39,60,79,,,,,,,,
E2023_318,BAS-MAD,2024-05-01,20:30:00,39,PLAYOFFS,E2023,98,102,BASKONIA VITORIA-GASTEIZ,REAL MADRID,BAS,MAD,"IVANOVIC, DUSKO","MATEO, CHUS",40:00,00:00,"LOTTERMOSER, ROBERT","NIKOLIC, UROS","PASTUSIAK, PIOTR",BUESA ARENA,13186,80,20,15,5,3,22,56,73,98,22,52,72,102,,,,,,,,
E2023_319,OLY-BAR,2024-04-30,20:30:00,39,PLAYOFFS,E2023,80,82,OLYMPIACOS PIRAEUS,FC BARCELONA,OLY,BAR,"BARTZOKAS, GEORGIOS","GRIMAU, ROGER",45:00,00:00,"BELOSEVIC, ILIJA","DIFALLAH, MEHDI","NEDOVIC, MILAN",PEACE AND FRIENDSHIP STADIUM,12239,90,18,20,3,4,13,37,51,71,13,32,57,71,80.0,,,,82.0,,,
E2023_320,ULK-MCO,2024-05-01,19:45:00,39,PLAYOFFS,E2023,89,78,FENERBAHCE BEKO ISTANBUL,AS MONACO,ULK,MCO,"JASIKEVICIUS, SARAS","OBRADOVIC, SASA",40:00,00:00,"ROCHA, FERNANDO","JAVOR, DAMIR","PEREZ, EMILIO",ULKER SPORTS AND EVENT HALL,12780,80,20,17,4,4,19,47,69,89,21,40,58,78,,,,,,,,
E2023_321,TEL-PAN,2024-04-30,19:00:00,39,PLAYOFFS,E2023,85,83,MACCABI PLAYTIKA TEL AVIV,PANATHINAIKOS AKTOR ATHENS,TEL,PAN,"KATTASH, ODED","ATAMAN, ERGIN",40:00,00:00,"RADOVIC, SRETEN","MOGULKOC, EMIN","KARDUM, LUKA",ALEKSANDAR NIKOLIC HALL,764,80,24,19,4,2,23,46,67,85,11,37,56,83,,,,,,,,
E2023_323,OLY-BAR,2024-05-02,18:45:00,40,PLAYOFFS,E2023,92,58,OLYMPIACOS PIRAEUS,FC BARCELONA,OLY,BAR,"BARTZOKAS, GEORGIOS","GRIMAU, ROGER",40:00,00:00,"RADOVIC, SRETEN","PUKL,SASA","HORDOV, TOMISLAV",PEACE AND FRIENDSHIP STADIUM,12239,80,18,19,1,3,21,53,72,92,23,37,47,58,,,,,,,,
E2023_324,ULK-MCO,2024-05-03,19:45:00,40,PLAYOFFS,E2023,62,65,FENERBAHCE BEKO ISTANBUL,AS MONACO,ULK,MCO,"JASIKEVICIUS, SARAS","OBRADOVIC, SASA",40:00,00:00,"PEREZ, MIGUEL ANGEL","PERUGA, CARLOS","NIKOLIC, UROS",ULKER SPORTS AND EVENT HALL,12817,80,16,19,4,5,15,33,47,62,11,30,48,65,,,,,,,,
E2023_325,TEL-PAN,2024-05-02,20:45:00,40,PLAYOFFS,E2023,88,95,MACCABI PLAYTIKA TEL AVIV,PANATHINAIKOS AKTOR ATHENS,TEL,PAN,"KATTASH, ODED","ATAMAN, ERGIN",40:00,00:00,"BELOSEVIC, ILIJA","DIFALLAH, MEHDI","NEDOVIC, MILAN",ALEKSANDAR NIKOLIC HALL,1500,80,22,20,4,3,29,50,69,88,26,49,74,95,,,,,,,,
E2023_327,BAR-OLY,2024-05-08,21:00:00,41,PLAYOFFS,E2023,59,63,FC BARCELONA,OLYMPIACOS PIRAEUS,BAR,OLY,"GRIMAU, ROGER","BARTZOKAS, GEORGIOS",40:00,00:00,"RADOVIC, SRETEN","JAVOR, DAMIR","NIKOLIC, UROS",PALAU BLAUGRANA,7742,80,27,19,5,3,12,27,40,59,9,25,40,63,,,,,,,,
E2023_328,MCO-ULK,2024-05-08,19:00:00,41,PLAYOFFS,E2023,79,80,AS MONACO,FENERBAHCE BEKO ISTANBUL,MCO,ULK,"OBRADOVIC, SASA","JASIKEVICIUS, SARAS",45:00,00:00,"ROCHA, FERNANDO","PERUGA, CARLOS","PEREZ, EMILIO",SALLE GASTON MEDECIN,5000,90,18,17,5,3,15,40,55,70,13,35,56,70,79.0,,,,80.0,,,
E2023_329,PAN-TEL,2024-05-07,20:15:00,41,PLAYOFFS,E2023,81,69,PANATHINAIKOS AKTOR ATHENS,MACCABI PLAYTIKA TEL AVIV,PAN,TEL,"ATAMAN, ERGIN","KATTASH, ODED",39:00,00:54,"BELOSEVIC, ILIJA","MOGULKOC, EMIN","DIFALLAH, MEHDI",OAKA Altion,18310,78,16,24,3,5,19,41,58,81,21,41,56,69,,,,,,,,
E2023_330,MAD-OLY,2024-05-24,21:00:00,42,FINAL FOUR,E2023,87,76,REAL MADRID,OLYMPIACOS PIRAEUS,MAD,OLY,"MATEO, CHUS","BARTZOKAS, GEORGIOS",40:00,00:00,"RADOVIC, SRETEN","JAVOR, DAMIR","MOGULKOC, EMIN",UBER ARENA,0,80,22,22,2,3,28,56,71,87,10,37,58,76,,,,,,,,
E2023_331,PAN-ULK,2024-05-24,18:00:00,42,FINAL FOUR,E2023,73,57,PANATHINAIKOS AKTOR ATHENS,FENERBAHCE BEKO ISTANBUL,PAN,ULK,"ATAMAN, ERGIN","JASIKEVICIUS, SARAS",40:00,00:00,"BELOSEVIC, ILIJA","PERUGA, CARLOS","DIFALLAH, MEHDI",UBER ARENA,0,80,15,21,2,3,22,38,56,73,13,36,50,57,,,,,,,,
E2023_332,OLY-ULK,2024-05-26,17:00:00,43,FINAL FOUR,E2023,87,84,OLYMPIACOS PIRAEUS,FENERBAHCE BEKO ISTANBUL,OLY,ULK,"BARTZOKAS, GEORGIOS","JASIKEVICIUS, SARAS",40:00,00:00,"RADOVIC, SRETEN","PERUGA, CARLOS","NIKOLIC, UROS",UBER ARENA,0,80,18,17,2,5,24,48,66,87,16,37,62,84,,,,,,,,
E2023_333,MAD-PAN,2024-05-26,20:00:00,43,FINAL FOUR,E2023,80,95,REAL MADRID,PANATHINAIKOS AKTOR ATHENS,MAD,PAN,"MATEO, CHUS","ATAMAN, ERGIN",40:00,00:00,"ROCHA, FERNANDO","BELOSEVIC, ILIJA","DIFALLAH, MEHDI",UBER ARENA,0,80,25,20,4,2,36,54,61,80,25,49,64,95,,,,,,,,
